date,open,high,low,close
2021-08-10,418.3,433.3,418.0,420.7
2021-08-11,426.3,426.3,415.7,416.3
2021-08-12,415.7,429.7,415.7,426.7
2021-08-13,431.3,431.3,431.3,431.3
2021-08-16,421.3,428.3,417.0,418.3
2021-08-17,416.0,423.3,415.3,423.0
2021-08-20,423.3,430.0,410.3,430.0
2021-08-23,420.0,423.0,416.7,423.0
2021-08-24,419.7,426.3,419.7,426.3
2021-08-25,418.0,418.0,418.0,418.0
2021-08-26,426.3,426.3,426.3,426.3
2021-08-27,420.0,420.0,420.0,420.0
2021-08-30,421.7,421.7,415.0,420.0
2021-08-31,418.3,425.7,418.3,419.3
2021-09-01,416.7,419.0,414.7,414.7
2021-09-02,418.3,420.0,416.7,418.7
2021-09-03,413.7,413.7,413.3,413.3
2021-09-06,416.7,420.0,416.7,419.7
2021-09-07,419.7,425.0,419.0,419.3
2021-09-08,415.0,418.3,411.0,418.3
2021-09-09,419.7,419.7,418.7,419.0
2021-09-10,413.3,413.3,413.0,413.0
2021-09-13,413.7,420.0,413.7,418.0
2021-09-14,418.3,418.7,418.3,418.7
2021-09-15,415.3,418.3,413.3,418.3
2021-09-16,417.0,417.0,413.3,413.3
2021-09-17,412.7,413.3,412.7,413.3
2021-09-21,411.0,416.0,410.7,416.0
2021-09-22,419.3,419.3,410.7,410.7
2021-09-24,419.3,419.3,411.7,411.7
2021-09-27,416.0,419.0,416.0,416.7
2021-09-28,418.7,418.7,412.0,412.0
2021-09-29,418.3,418.3,410.3,410.3
2021-09-30,417.7,417.7,412.7,412.7
2021-10-01,417.3,417.3,411.7,412.3
2021-10-04,410.7,410.7,410.0,410.0
2021-10-05,408.3,408.3,400.3,403.7
2021-10-06,396.7,404.7,386.7,402.0
2021-10-07,400.0,402.0,390.7,390.7
2021-10-08,395.0,417.0,395.0,409.7
2021-10-11,403.3,403.7,399.7,400.0
2021-10-12,403.3,404.3,396.7,400.0
2021-10-13,403.3,403.3,399.0,399.0
2021-10-18,374.7,374.7,337.3,344.3
2021-10-19,337.3,353.7,337.0,341.7
2021-10-20,342.0,346.7,336.7,346.7
2021-10-21,343.7,343.7,337.7,337.7
2021-10-22,337.0,352.3,336.0,342.3
2021-10-25,342.3,342.3,327.3,327.3
2021-10-26,327.7,377.3,324.7,377.3
2021-10-27,387.3,426.7,372.0,375.7
2021-10-28,365.7,367.0,353.7,359.7
2021-10-29,351.7,357.7,340.3,342.3
2021-11-01,341.7,343.3,330.0,336.3
2021-11-02,337.7,337.7,331.7,332.3
2021-11-04,330.3,334.7,329.0,333.3
2021-11-05,333.3,391.7,333.3,368.3
2021-11-08,360.7,371.0,330.3,341.7
2021-11-09,341.7,341.7,327.7,330.7
2021-11-10,331.7,331.7,327.3,329.3
2021-11-11,326.3,333.0,326.3,327.3
2021-11-12,325.3,329.3,325.0,329.3
2021-11-15,333.0,333.3,325.0,330.0
2021-11-16,330.0,330.0,325.3,325.3
2021-11-17,325.0,325.3,313.3,314.0
2021-11-18,309.0,313.7,309.0,311.7
2021-11-19,309.3,313.0,308.3,308.7
2021-11-22,308.3,308.3,303.7,304.0
2021-11-24,307.0,310.0,305.7,305.7
2021-11-25,304.0,304.0,298.3,303.0
2021-11-26,300.0,300.3,289.3,296.0
2021-11-29,296.0,299.3,295.3,295.3
2021-11-30,295.7,299.7,294.0,299.7
2021-12-01,303.3,304.7,293.3,300.0
2021-12-02,300.0,300.0,287.3,287.3
2021-12-03,287.3,296.3,287.0,295.0
2021-12-06,295.7,304.7,295.7,300.0
2021-12-07,300.0,310.0,300.0,306.3
2021-12-08,306.3,312.3,306.3,308.3
2021-12-09,308.3,310.0,306.3,309.3
2021-12-10,310.7,310.7,303.3,303.3
2021-12-13,303.7,303.7,303.7,303.7
2021-12-14,306.7,306.7,300.0,304.0
2021-12-15,304.0,306.0,301.7,306.0
2021-12-16,307.0,307.0,304.0,306.7
2021-12-17,306.7,306.7,301.7,305.7
2021-12-20,305.7,305.7,304.3,304.3
2021-12-21,304.3,304.3,295.0,295.0
2021-12-22,296.7,296.7,282.7,289.7
2021-12-23,289.7,292.3,287.3,287.3
2021-12-24,291.3,293.0,281.7,288.0
2021-12-27,288.0,288.0,283.0,283.3
2021-12-28,286.3,288.7,281.3,283.3
2021-12-29,286.3,294.3,286.3,292.7
2021-12-30,290.0,295.0,280.0,280.0
2022-01-04,280.7,280.7,274.7,275.3
2022-01-05,275.3,275.3,273.0,273.0
2022-01-06,274.7,282.7,274.7,282.7
2022-01-07,286.3,286.3,280.7,280.7
2022-01-11,273.7,285.0,273.7,284.7
2022-01-12,289.7,292.7,289.7,289.7
2022-01-13,283.3,288.3,282.3,282.7
2022-01-14,283.3,283.3,277.0,277.0
2022-01-17,274.3,288.0,273.7,288.0
2022-01-18,291.3,291.3,291.3,291.3
2022-01-19,276.3,281.7,276.3,276.7
2022-01-20,288.3,300.7,283.3,300.7
2022-01-21,305.7,306.7,293.7,298.7
2022-01-24,283.7,292.7,283.7,292.7
2022-01-27,289.3,289.3,277.7,282.7
2022-01-28,269.7,274.0,264.3,274.0
2022-01-31,269.0,274.0,257.7,273.3
2022-02-01,268.3,268.3,268.3,268.3
2022-02-02,263.0,270.0,253.3,270.0
2022-02-03,262.7,270.0,262.7,265.0
2022-02-04,262.3,262.3,262.3,262.3
2022-02-07,252.3,258.3,250.7,258.3
2022-02-08,256.0,264.3,250.3,264.3
2022-02-09,259.3,264.3,259.3,264.3
2022-02-10,259.3,259.3,252.0,257.3
2022-02-14,262.3,264.7,262.3,264.7
2022-02-15,264.7,269.7,259.7,259.7
2022-02-16,259.7,259.7,259.7,259.7
2022-02-17,255.0,260.0,251.0,256.0
2022-02-22,254.3,256.7,253.3,256.7
2022-02-24,256.7,258.3,253.7,253.7
2022-02-25,251.3,266.3,251.3,258.7
2022-02-28,263.7,263.7,263.7,263.7
2022-03-01,253.7,265.3,251.7,262.3
2022-03-02,265.0,265.0,259.0,259.0
2022-03-03,259.3,260.0,259.3,260.0
2022-03-04,256.7,256.7,251.7,254.3
2022-03-07,252.3,252.3,237.0,243.7
2022-03-08,244.3,257.0,241.7,257.0
2022-03-09,257.0,257.0,244.7,248.0
2022-03-10,262.3,262.3,251.7,251.7
2022-03-15,245.3,245.3,239.0,239.0
2022-03-16,240.3,242.0,237.7,239.7
2022-03-17,240.0,245.0,240.0,245.0
2022-03-18,245.0,256.3,245.0,253.3
2022-03-22,255.0,255.0,247.7,252.7
2022-03-23,252.7,254.3,252.7,254.0
2022-03-30,254.7,259.7,254.7,256.0
2022-03-31,256.0,256.7,256.0,256.7
2022-04-01,253.3,257.0,249.0,256.3
2022-04-04,258.0,258.3,257.7,258.3
2022-04-05,263.0,269.3,260.0,266.7
2022-04-06,271.7,273.7,263.0,263.0
2022-04-07,263.0,263.0,256.7,263.0
2022-04-08,268.0,268.0,267.7,267.7
2022-04-18,250.7,256.7,250.0,250.0
2022-04-19,250.0,252.3,247.3,252.3
2022-04-20,247.7,249.7,246.0,249.7
2022-04-21,253.3,253.3,253.3,253.3
2022-04-22,250.0,250.0,238.7,244.7
2022-04-25,239.7,239.7,227.0,235.7
2022-04-26,230.7,238.7,230.3,238.7
2022-04-27,228.7,243.0,228.7,233.3
2022-04-28,228.3,233.3,228.0,230.7
2022-05-02,232.0,233.3,232.0,233.3
2022-05-06,228.3,240.0,228.3,235.7
2022-05-09,234.0,234.7,231.3,234.0
2022-05-10,239.0,239.0,226.0,235.7
2022-05-11,231.7,231.7,227.0,228.7
2022-05-12,225.3,225.3,220.3,220.3
2022-05-13,225.3,226.0,225.3,226.0
2022-05-16,226.0,226.7,221.7,221.7
2022-05-17,218.3,221.7,218.3,220.0
2022-05-18,223.3,223.3,220.0,220.7
2022-05-19,217.3,222.3,216.7,221.7
2022-05-20,223.0,223.0,222.7,223.0
2022-05-23,225.0,227.7,225.0,226.7
2022-05-24,223.7,223.7,219.3,223.3
2022-05-31,233.3,233.3,231.7,231.7
2022-06-01,228.3,230.0,222.3,228.3
2022-06-02,228.3,228.7,225.0,228.3
2022-06-03,228.0,228.0,225.0,226.7
2022-06-06,225.7,225.7,217.0,223.7
2022-06-07,221.7,221.7,220.3,220.3
2022-06-08,222.0,223.7,198.7,206.3
2022-06-09,207.7,209.0,205.0,205.0
2022-06-10,204.0,206.7,204.0,205.3
2022-06-13,203.7,204.7,199.7,203.3
2022-06-14,200.0,205.0,198.0,198.7
2022-06-15,198.0,206.3,198.0,198.3
2022-06-16,200.3,202.3,200.3,202.3
2022-06-17,201.7,201.7,198.3,200.0
2022-06-20,199.0,200.0,196.7,196.7
2022-06-21,196.7,199.0,196.7,199.0
2022-06-22,198.3,199.3,190.3,196.0
2022-06-27,194.3,195.0,191.7,192.0
2022-06-28,192.0,196.3,189.0,196.0
2022-06-29,195.7,195.7,195.7,195.7
2022-06-30,193.3,195.7,193.0,193.0
2022-07-01,193.0,195.0,187.0,192.7
2022-07-04,192.7,216.7,189.3,205.7
2022-07-05,209.0,209.0,193.3,196.7
2022-07-06,193.3,210.0,191.3,200.3
2022-07-07,199.3,203.0,195.3,200.0
2022-07-08,200.0,221.7,200.0,209.7
2022-07-11,206.3,206.3,196.0,200.0
2022-07-12,201.7,204.7,198.7,201.3
2022-07-13,202.0,202.0,196.0,198.3
2022-07-14,198.3,212.0,196.0,200.3
2022-07-15,198.3,202.7,194.7,195.3
2022-07-19,195.3,195.3,191.0,193.3
2022-07-20,196.3,196.3,193.3,195.0
2022-07-21,195.0,195.0,193.0,193.0
2022-07-22,193.0,195.3,190.3,192.7
2022-07-25,196.0,196.0,192.3,195.3
2022-07-26,195.3,195.3,193.3,193.3
2022-07-27,191.7,194.7,191.0,191.7
2022-07-28,191.0,194.0,190.7,193.3
2022-07-29,196.7,196.7,193.3,195.0
2022-08-01,193.7,195.7,193.0,194.0
2022-08-02,195.0,195.0,192.7,192.7
2022-08-03,192.7,194.0,192.7,194.0
2022-08-04,194.3,194.7,192.7,192.7
2022-08-05,194.7,216.7,194.3,209.7
2022-08-08,209.7,210.0,196.3,197.7
2022-08-09,201.0,201.0,197.7,199.7
2022-08-10,200.0,233.0,199.3,233.0
2022-08-12,233.0,247.7,221.3,231.3
2022-08-15,224.7,224.7,214.0,215.3
2022-08-16,212.0,218.3,209.7,215.0
2022-08-17,218.3,218.3,208.0,211.0
2022-08-18,211.0,211.0,205.0,205.3
2022-08-19,207.3,207.3,203.7,205.7
2022-08-22,206.0,206.0,201.0,201.0
2022-08-23,204.3,204.3,200.3,201.7
2022-08-24,204.7,207.7,203.3,204.3
2022-08-25,205.0,210.7,205.0,210.7
2022-08-26,213.3,223.0,211.7,213.3
2022-08-29,213.3,246.7,211.7,246.7
2022-08-30,243.3,246.7,233.3,233.3
2022-08-31,241.3,283.3,239.3,283.3
2022-09-01,333.3,333.3,333.3,333.3
2022-09-02,383.3,388.7,287.7,289.3
2022-09-05,284.3,311.3,275.7,311.3
2022-09-06,312.7,313.0,282.0,282.0
2022-09-07,286.3,286.3,253.7,265.3
2022-09-08,265.3,278.0,255.3,278.0
2022-09-09,276.7,277.0,271.7,273.7
2022-09-12,275.0,276.7,270.3,271.3
2022-09-13,281.3,288.3,273.7,280.0
2022-09-14,268.0,279.7,267.0,271.3
2022-09-15,266.7,268.3,265.0,267.7
2022-09-16,269.7,269.7,245.7,259.7
2022-09-20,258.0,258.0,245.0,247.0
2022-09-21,247.0,251.7,246.3,248.3
2022-09-22,253.3,253.3,248.3,248.3
2022-09-26,245.0,245.3,245.0,245.3
2022-09-27,250.0,266.0,250.0,255.3
2022-09-28,254.3,254.3,246.0,249.7
2022-09-29,254.3,254.3,245.3,250.3
2022-09-30,247.3,247.3,245.0,245.0
2022-10-03,245.0,245.0,235.0,238.0
2022-10-04,238.0,241.7,238.0,238.3
2022-10-05,239.7,249.7,239.7,242.7
2022-10-06,243.0,252.0,242.0,252.0
2022-10-07,248.3,248.3,243.3,243.3
2022-10-11,240.3,240.3,240.3,240.3
2022-10-12,250.3,290.3,250.3,290.3
2022-10-13,288.3,288.3,256.3,262.0
2022-10-14,255.3,260.0,253.3,256.7
2022-10-17,265.0,265.3,255.7,258.7
2022-10-18,258.7,258.7,254.3,255.0
2022-10-19,255.3,256.7,255.3,255.7
2022-10-20,256.7,256.7,254.0,254.3
2022-10-21,256.7,256.7,255.0,255.3
2022-10-24,254.3,268.3,254.0,264.0
2022-10-25,259.3,295.0,256.0,260.3
2022-10-26,259.0,259.7,250.0,256.0
2022-10-27,255.0,255.0,251.0,252.0
2022-10-28,249.3,255.0,246.7,248.3
2022-10-31,247.7,260.3,247.0,254.0
2022-11-01,249.0,250.3,245.7,250.3
2022-11-02,249.3,249.3,246.0,246.0
2022-11-04,242.0,242.0,222.0,239.0
2022-11-07,219.0,221.3,212.0,217.0
2022-11-08,220.3,220.3,217.0,220.0
2022-11-09,221.7,221.7,217.0,217.0
2022-11-10,217.3,217.3,215.0,215.0
2022-11-11,215.7,218.3,215.0,216.7
2022-11-14,216.7,216.7,206.7,212.0
2022-11-15,215.3,215.3,208.3,210.7
2022-11-16,211.3,211.3,206.3,206.3
2022-11-17,206.3,207.3,203.7,205.3
2022-11-18,206.0,208.7,205.7,208.7
2022-11-21,209.0,209.0,205.3,206.0
2022-11-22,206.3,212.3,205.7,208.7
2022-11-24,206.7,209.0,200.0,206.7
2022-11-25,208.3,209.0,206.3,209.0
2022-11-28,211.3,212.0,204.7,206.7
2022-11-29,203.7,207.0,203.7,204.0
2022-11-30,206.0,206.7,205.3,206.7
2022-12-01,206.7,207.3,204.3,207.3
2022-12-02,207.3,207.3,205.0,205.0
2022-12-05,204.3,209.7,204.3,206.3
2022-12-06,206.3,206.3,206.3,206.3
2022-12-14,205.0,206.0,205.0,206.0
2022-12-15,206.7,207.0,203.7,206.7
2022-12-16,203.7,204.3,203.3,203.7
2022-12-19,202.3,204.3,201.3,203.0
2022-12-20,201.7,205.7,200.3,204.3
2022-12-21,201.0,204.7,201.0,201.7
2022-12-22,201.3,206.3,201.3,204.3
2022-12-23,200.0,200.0,198.0,198.0
2022-12-26,194.7,195.7,194.7,195.0
2022-12-27,194.0,194.3,194.0,194.3
2022-12-28,193.3,193.7,189.3,193.0
2023-01-04,195.7,195.7,187.0,187.7
2023-01-05,187.0,187.7,186.0,187.0
2023-01-06,187.0,190.3,187.0,187.7
2023-01-10,186.3,187.7,186.0,187.7
2023-01-11,187.7,187.7,187.7,187.7
2023-01-12,188.3,191.0,188.3,191.0
2023-01-13,189.0,189.0,189.0,189.0
2023-01-16,189.0,189.0,187.3,188.3
2023-01-17,188.7,188.7,188.7,188.7
2023-01-18,188.7,188.7,188.0,188.0
2023-01-19,187.0,215.0,187.0,202.3
2023-01-20,209.0,214.7,206.0,211.3
2023-01-23,209.0,209.0,205.0,205.0
2023-01-24,208.3,208.3,203.3,203.3
2023-01-25,197.7,200.0,197.7,198.7
2023-01-26,198.3,199.3,198.0,199.3
2023-01-27,202.7,205.0,202.7,205.0
2023-01-30,198.7,201.7,197.0,197.0
2023-01-31,200.3,205.0,200.3,201.0
2023-02-01,198.3,203.3,197.3,197.7
2023-02-02,196.3,200.3,196.3,200.0
2023-02-03,197.3,200.0,197.3,198.7
2023-02-06,196.7,198.7,193.7,198.7
2023-02-07,201.7,204.0,198.3,200.0
2023-02-08,198.7,200.7,198.7,200.7
2023-02-09,200.7,201.7,200.0,201.7
2023-02-10,202.7,203.0,198.3,200.0
2023-02-13,200.0,200.0,188.7,191.7
2023-02-14,195.0,195.0,189.7,189.7
2023-02-15,189.7,199.7,189.7,193.7
2023-02-16,197.7,197.7,193.3,195.7
2023-02-17,196.3,196.3,193.0,194.0
2023-02-20,195.0,198.3,195.0,198.3
2023-02-21,195.0,196.0,191.7,191.7
2023-02-22,189.3,195.0,187.7,189.3
2023-02-24,189.7,190.7,188.3,188.3
2023-02-27,188.3,202.7,188.3,194.7
2023-02-28,198.0,203.7,193.7,199.3
2023-03-01,196.0,196.0,193.3,193.3
2023-03-02,192.3,192.3,191.0,192.3
2023-03-03,192.3,192.7,191.7,192.7
2023-03-06,190.0,193.0,189.7,190.0
2023-03-07,190.0,196.3,190.0,193.3
2023-03-08,196.0,200.0,196.0,197.7
2023-03-09,196.7,200.0,196.7,200.0
2023-03-14,203.0,203.0,194.0,198.7
2023-03-15,199.0,200.0,196.7,196.7
2023-03-16,195.3,200.3,195.3,199.7
2023-03-17,203.0,206.3,200.0,206.3
2023-03-20,209.7,223.0,207.3,207.3
2023-03-22,210.7,212.3,198.7,200.3
2023-03-23,195.3,197.0,189.3,195.3
2023-03-24,194.7,195.3,193.7,195.0
2023-03-27,192.7,195.3,192.3,195.3
2023-03-28,192.0,192.0,190.3,190.3
2023-03-29,192.7,197.7,189.3,190.7
2023-03-30,190.0,192.7,190.0,190.0
2023-03-31,190.7,190.7,189.7,189.7
2023-04-03,189.7,196.0,189.3,195.0
2023-04-04,192.7,194.3,192.7,194.3
2023-04-05,193.3,193.3,190.7,191.0
2023-04-06,191.0,191.7,189.7,191.7
2023-04-07,188.3,190.0,188.3,190.0
2023-04-10,191.7,192.7,191.7,192.7
2023-04-11,192.3,193.3,192.3,193.3
2023-04-12,192.0,192.0,191.0,191.0
2023-04-13,190.7,191.7,190.7,191.7
2023-04-14,191.7,192.7,191.7,192.7
2023-04-19,194.3,194.3,194.3,194.3
2023-04-24,194.7,194.7,194.7,194.7
2023-04-25,194.0,194.0,193.0,193.0
2023-04-26,193.0,193.0,193.0,193.0
2023-05-01,191.0,193.3,191.0,193.3
2023-05-09,195.7,195.7,188.0,191.0
2023-05-10,191.0,191.0,186.7,189.0
2023-05-11,189.0,192.0,187.3,187.3
2023-05-12,187.3,187.7,186.7,186.7
2023-05-15,186.7,186.7,181.0,183.7
2023-05-16,184.7,190.0,184.7,187.3
2023-05-17,189.0,189.0,186.7,188.7
2023-05-18,188.7,189.7,188.3,188.3
2023-05-19,185.0,191.0,185.0,191.0
2023-05-22,193.3,224.3,193.0,224.3
2023-05-23,246.7,257.7,240.0,257.7
2023-05-24,240.7,243.3,218.3,222.0
2023-05-25,225.3,226.0,201.0,201.7
2023-05-26,205.0,235.0,198.3,203.7
2023-05-29,207.0,233.3,205.0,216.7
2023-05-30,213.3,218.0,207.0,208.7
2023-05-31,213.0,242.0,213.0,242.0
2023-06-01,266.7,292.0,227.0,231.3
2023-06-02,234.3,264.7,224.3,264.7
2023-06-05,277.3,300.0,256.3,277.3
2023-06-06,269.0,283.7,263.7,271.0
2023-06-07,271.7,320.0,271.7,306.3
2023-06-08,315.7,348.7,300.0,306.0
2023-06-09,307.0,328.0,286.7,288.7
2023-06-12,291.7,307.7,283.3,287.3
2023-06-13,292.3,299.0,286.7,286.7
2023-06-14,291.7,293.3,271.0,275.7
2023-06-15,271.7,279.0,260.7,264.7
2023-06-16,264.7,272.0,264.3,268.7
2023-06-19,278.7,318.7,272.7,318.7
2023-06-20,368.7,368.7,368.7,368.7
2023-06-21,358.7,384.0,326.7,329.3
2023-06-22,341.3,361.7,313.3,322.0
2023-06-23,318.7,323.3,294.7,310.0
2023-06-26,305.0,320.3,299.3,303.3
2023-06-27,303.7,315.7,296.7,310.0
2023-06-28,314.0,321.3,310.0,310.3
2023-06-29,315.3,315.3,301.7,302.7
2023-06-30,307.7,307.7,300.3,307.7
2023-07-03,302.0,322.3,302.0,316.3
2023-07-04,316.3,316.3,297.3,303.7
2023-07-05,302.7,306.7,297.7,298.7
2023-07-06,298.0,298.0,284.3,294.3
2023-07-07,285.3,297.7,285.3,288.7
2023-07-10,290.7,312.3,285.7,303.3
2023-07-11,300.0,307.7,291.7,294.0
2023-07-12,289.7,299.7,289.7,299.7
2023-07-13,299.7,304.7,296.7,304.0
2023-07-14,303.3,303.3,292.3,301.7
2023-07-18,286.7,311.3,285.7,302.7
2023-07-19,300.0,305.7,298.7,305.7
2023-07-24,396.7,443.0,381.7,443.0
2023-07-25,453.0,456.7,351.0,379.7
2023-07-26,363.0,372.3,331.0,341.3
2023-07-27,331.3,356.7,326.7,330.0
2023-07-28,325.3,341.7,320.0,325.0
2023-07-31,323.7,359.7,323.3,325.3
2023-08-01,323.7,331.7,315.3,316.7
2023-08-02,311.7,323.0,308.7,319.7
2023-08-03,310.7,314.7,304.0,308.3
2023-08-04,311.3,316.3,303.7,315.0
2023-08-07,288.0,304.0,284.3,301.7
2023-08-08,301.7,311.0,293.0,293.0
2023-08-09,296.0,307.3,291.0,305.3
2023-08-10,300.7,304.3,296.0,296.7
2023-08-14,300.0,300.7,286.7,290.3
2023-08-15,290.3,293.7,290.3,293.7
2023-08-16,289.7,290.0,275.7,276.0
2023-08-17,267.0,270.0,262.3,262.7
2023-08-18,268.7,308.0,268.7,269.7
2023-08-21,267.3,286.7,266.0,286.7
2023-08-22,282.0,290.3,280.3,289.7
2023-08-23,293.7,293.7,273.7,277.7
2023-08-24,275.7,281.7,270.0,272.7
2023-08-25,269.3,276.0,268.7,273.3
2023-08-28,278.3,278.3,275.7,276.0
2023-08-29,276.0,290.3,272.7,284.0
2023-08-30,284.0,287.7,276.0,276.0
2023-08-31,271.0,281.0,266.3,278.0
2023-09-01,283.0,283.0,270.0,271.7
2023-09-04,275.0,282.3,275.0,275.0
2023-09-05,275.7,279.7,275.3,279.7
2023-09-06,279.7,286.3,279.7,285.0
2023-09-07,285.0,319.7,283.3,307.0
2023-09-08,303.0,313.0,292.0,313.0
2023-09-11,314.0,316.7,288.0,293.0
2023-09-12,289.0,289.3,278.7,280.3
2023-09-13,275.3,287.0,273.7,284.3
2023-09-14,282.7,297.0,282.7,290.3
2023-09-15,289.3,291.3,287.0,290.0
2023-09-19,287.7,291.0,274.3,285.3
2023-09-20,285.3,286.0,276.7,276.7
2023-09-21,275.7,276.7,270.0,270.0
2023-09-22,266.7,275.3,265.0,273.7
2023-09-25,275.7,281.0,269.0,279.7
2023-09-26,279.7,283.0,275.0,275.0
2023-09-27,270.7,277.3,269.0,271.3
2023-09-28,276.3,278.0,266.7,276.3
2023-09-29,272.3,280.0,272.3,273.0
2023-10-02,274.3,274.7,272.3,272.3
2023-10-03,268.0,268.0,256.7,266.7
2023-10-04,253.3,262.3,253.3,262.3
2023-10-05,257.3,268.7,250.0,263.0
2023-10-06,258.0,260.3,254.7,260.0
2023-10-10,259.7,265.0,245.3,260.7
2023-10-13,257.3,259.7,246.7,246.7
2023-10-16,250.0,252.0,241.3,244.3
2023-10-17,240.7,250.0,240.7,243.7
2023-10-18,243.7,246.3,238.3,238.3
2023-10-19,239.0,239.0,226.3,232.7
2023-10-20,233.7,234.7,226.7,233.0
2023-10-23,229.7,230.3,224.0,224.0
2023-10-24,229.3,231.3,224.0,231.3
2023-10-25,225.0,226.0,219.7,226.0
2023-10-26,224.0,226.7,222.7,226.7
2023-10-27,226.0,226.7,223.0,226.7
2023-10-30,223.3,228.7,223.3,228.7
2023-10-31,222.0,222.0,222.0,222.0
2023-11-01,219.3,223.0,219.0,222.0
2023-11-02,222.0,224.7,221.3,221.3
2023-11-06,221.3,224.0,221.0,221.0
2023-11-07,220.3,220.7,220.3,220.7
2023-11-08,221.0,225.0,221.0,224.7
2023-11-09,227.7,238.0,222.3,229.3
2023-11-10,232.7,262.7,232.7,262.7
2023-11-13,237.7,244.7,233.3,235.7
2023-11-14,235.0,239.0,231.7,231.7
2023-11-15,235.0,235.0,225.0,231.3
2023-11-16,220.0,225.0,216.3,220.3
2023-11-17,220.3,223.3,220.3,223.0
2023-11-20,222.0,226.0,222.0,226.0
2023-11-21,222.7,226.0,222.7,226.0
2023-11-22,222.7,234.0,222.7,231.3
2023-11-24,229.3,231.3,229.3,230.7
2023-11-27,230.7,243.0,230.7,243.0
2023-11-28,245.7,257.3,245.7,250.0
2023-11-29,245.0,249.7,239.7,239.7
2023-11-30,239.7,248.7,239.7,240.0
2023-12-01,237.7,237.7,237.7,237.7
2023-12-04,235.0,240.3,232.0,240.3
2023-12-05,227.0,232.0,225.0,228.0
2023-12-06,229.3,229.7,229.3,229.7
2023-12-07,229.7,234.3,226.0,226.0
2023-12-08,219.3,222.7,218.3,222.7
2023-12-11,225.7,225.7,211.0,214.7
2023-12-12,218.0,218.0,210.7,212.3
2023-12-13,210.7,224.0,210.7,218.3
2023-12-14,221.7,221.7,210.0,211.0
2023-12-15,211.0,221.0,211.0,213.3
2023-12-18,213.3,215.0,200.0,213.7
2023-12-19,213.0,213.3,207.0,207.0
2023-12-20,207.0,207.0,206.7,206.7
2023-12-21,208.3,210.0,206.3,210.0
2023-12-22,208.3,208.3,202.0,202.3
2023-12-25,199.7,206.7,199.3,199.7
2023-12-26,199.7,206.0,199.7,201.3
2023-12-27,201.3,201.7,193.7,195.7
2023-12-28,192.3,200.0,192.3,196.0
2023-12-29,199.3,203.3,199.3,203.3
2024-01-04,197.7,213.0,197.7,213.0
2024-01-05,211.0,213.3,210.3,213.3
2024-01-09,215.7,216.7,205.7,216.3
2024-01-10,219.7,223.0,214.3,216.0
2024-01-11,209.3,220.0,209.3,215.0
2024-01-12,213.0,219.3,213.0,219.3
2024-01-15,219.3,219.3,214.3,217.7
2024-01-16,217.7,222.0,217.7,217.7
2024-01-17,217.0,219.7,217.0,219.0
2024-01-18,219.0,220.3,216.7,216.7
2024-01-19,216.7,218.7,216.0,216.7
2024-01-22,216.7,219.3,215.3,216.7
2024-01-23,216.7,216.7,214.0,216.7
2024-01-24,216.7,222.0,213.3,219.0
2024-01-25,216.3,252.3,216.3,252.3
2024-01-26,252.0,301.7,249.0,260.0
2024-01-29,265.0,308.0,251.0,265.0
2024-01-30,257.0,263.7,237.3,242.0
2024-01-31,247.0,292.0,245.0,292.0
2024-02-01,272.0,290.0,254.3,254.3
2024-02-02,264.3,304.3,257.3,304.3
2024-02-05,312.7,343.7,297.7,304.3
2024-02-06,309.3,354.3,286.7,354.3
2024-02-07,362.7,399.7,314.3,396.0
2024-02-08,416.0,449.3,324.3,325.3
2024-02-09,316.7,319.7,283.7,284.3
2024-02-13,285.0,308.3,275.3,293.3
2024-02-14,287.3,296.0,271.3,273.7
2024-02-15,274.7,290.0,265.7,272.0
2024-02-16,267.7,278.3,263.3,265.7
2024-02-19,261.0,280.0,261.0,267.7
2024-02-20,269.7,269.7,256.0,259.7
2024-02-21,264.7,288.3,258.0,266.3
2024-02-22,261.3,268.3,259.3,262.7
2024-02-26,261.3,312.7,259.0,311.7
2024-02-27,321.7,326.7,286.3,287.3
2024-02-28,292.3,293.7,282.0,282.7
2024-02-29,282.7,286.7,267.3,268.3
2024-03-01,269.7,277.0,268.3,268.3
2024-03-04,270.3,275.3,265.0,267.7
2024-03-05,268.7,274.3,265.0,270.0
2024-03-06,267.7,284.7,267.7,277.0
2024-03-07,277.0,277.0,267.0,269.7
2024-03-08,268.3,268.3,260.3,262.0
2024-03-11,254.3,258.7,245.7,255.3
2024-03-12,255.3,267.3,252.7,260.0
2024-03-13,262.0,303.3,250.3,250.7
2024-03-14,252.3,269.3,252.0,260.0
2024-03-15,256.7,261.3,253.7,253.7
2024-03-18,258.7,263.3,252.0,262.3
2024-03-19,261.7,266.7,257.3,260.0
2024-03-21,261.0,270.3,261.0,263.0
2024-03-22,264.0,265.0,261.0,262.7
2024-03-25,262.3,264.3,260.3,264.3
2024-03-26,264.7,268.3,263.3,264.3
2024-03-27,264.3,269.3,262.3,263.0
2024-03-28,262.7,268.0,259.7,259.7
2024-03-29,259.7,268.0,259.7,264.0
2024-04-01,265.0,266.7,262.0,262.0
2024-04-02,260.0,260.3,252.7,254.3
2024-04-03,254.3,254.3,242.0,247.0
2024-04-04,247.7,247.7,242.0,242.3
2024-04-05,242.3,250.3,242.0,249.3
2024-04-08,251.0,258.0,249.3,254.0
2024-04-09,255.7,256.7,246.3,248.3
2024-04-10,249.3,278.0,249.3,261.0
2024-04-11,253.7,266.0,253.3,253.7
2024-04-12,254.0,257.3,253.3,253.7
2024-04-15,252.7,256.0,251.0,253.3
2024-04-16,254.0,255.7,251.7,252.3
2024-04-17,253.0,254.3,243.3,244.0
2024-04-18,240.3,242.0,232.7,236.3
2024-04-19,235.0,235.0,223.3,227.7
2024-04-22,231.0,233.0,230.0,233.0
2024-04-23,233.0,237.3,225.7,234.3
2024-04-24,237.3,237.7,234.0,237.7
2024-04-25,232.7,234.0,230.0,230.0
2024-04-26,233.0,235.3,230.7,235.3
2024-04-30,235.0,238.7,232.3,233.3
2024-05-01,234.0,234.0,229.7,230.0
2024-05-02,230.0,244.7,227.7,235.0
2024-05-07,235.3,244.0,235.3,241.7
2024-05-08,243.3,246.7,241.0,242.0
2024-05-09,242.3,249.7,242.3,245.3
2024-05-10,245.3,247.7,237.0,247.7
2024-05-13,237.7,237.7,233.3,236.0
2024-05-14,236.0,236.7,232.7,232.7
2024-05-15,232.0,235.3,225.7,233.3
2024-05-16,236.7,236.7,231.7,233.0
2024-05-17,231.7,233.7,229.0,232.3
2024-05-20,233.0,252.7,233.0,239.3
2024-05-21,238.0,242.7,238.0,240.7
2024-05-22,239.3,245.0,238.0,239.3
2024-05-23,241.0,242.0,238.3,238.3
2024-05-24,238.3,238.7,230.0,235.3
2024-05-27,235.3,239.3,229.3,233.7
2024-05-28,233.7,241.7,233.7,241.0
2024-05-29,239.7,240.0,236.7,237.0
2024-05-30,240.7,241.3,238.3,241.3
2024-05-31,236.7,239.7,234.7,239.7
2024-06-03,239.7,239.7,238.3,238.3
2024-06-04,238.3,241.0,238.3,241.0
2024-06-05,236.0,240.7,236.0,240.7
2024-06-06,241.0,241.7,238.3,239.3
2024-06-07,245.0,249.0,241.0,248.3
2024-06-10,248.3,273.3,248.3,250.7
2024-06-11,250.7,254.3,243.0,254.3
2024-06-12,251.0,254.0,247.7,254.0
2024-06-13,254.0,255.3,250.7,255.3
2024-06-14,254.3,254.7,250.7,254.7
2024-06-17,251.3,256.0,251.3,253.3
2024-06-18,253.3,259.7,253.3,259.7
2024-06-19,254.7,259.7,253.7,259.7
2024-06-20,259.7,266.7,259.7,264.3
2024-06-21,264.7,264.7,259.7,264.7
2024-06-24,261.7,264.0,256.7,260.3
2024-06-25,256.7,259.7,246.0,253.3
2024-06-26,253.0,260.0,253.0,254.7
2024-06-27,249.7,253.3,249.7,253.3
2024-06-28,250.3,251.3,250.3,251.3
2024-07-01,251.0,253.0,247.0,248.3
2024-07-02,248.0,248.7,248.0,248.3
2024-07-03,258.3,296.3,247.0,247.0
2024-07-04,245.3,247.0,236.0,238.3
2024-07-05,238.0,241.3,236.7,241.3
2024-07-08,241.3,241.3,237.3,240.7
2024-07-09,240.7,240.7,235.3,236.7
2024-07-10,236.0,239.3,235.7,235.7
2024-07-11,234.7,238.3,230.0,232.0
2024-07-12,232.3,237.0,232.3,236.7
2024-07-16,236.7,239.0,236.7,239.0
2024-07-17,234.7,237.0,233.7,235.3
2024-07-18,234.7,238.3,234.0,235.7
2024-07-19,236.7,237.0,233.7,233.7
2024-07-22,234.0,240.3,232.7,234.0
2024-07-23,233.0,239.7,233.0,234.3
2024-07-24,234.3,239.0,230.3,230.3
2024-07-25,230.3,233.0,229.3,229.3
2024-07-26,230.0,237.3,230.0,236.3
2024-07-29,231.3,233.0,229.7,232.0
2024-07-30,229.0,232.0,227.7,232.0
2024-07-31,265.3,265.3,260.3,265.3
2024-08-01,280.3,315.3,262.3,271.7
2024-08-02,276.7,321.7,251.7,321.7
2024-08-05,371.7,371.7,371.7,371.7
2024-08-06,471.7,471.7,317.7,448.3
2024-08-07,511.7,530.0,450.7,478.3
2024-08-08,448.3,578.3,422.0,578.3
2024-08-09,565.0,568.3,451.7,451.7
2024-08-13,551.7,551.7,551.7,551.7
2024-08-14,565.0,663.3,518.3,597.0
2024-08-15,623.7,713.7,612.0,694.7
2024-08-16,711.3,792.7,680.3,740.7
2024-08-19,901.7,907.3,816.7,907.3
2024-08-20,924.0,1011.7,790.0,877.7
2024-08-21,877.7,1045.0,827.3,1045.0
2024-08-22,1208.3,1276.7,1016.7,1245.0
2024-08-23,1221.7,1275.0,1115.0,1151.7
2024-08-26,1163.3,1163.3,925.7,971.7
2024-08-27,933.3,1056.7,877.0,1006.7
2024-08-28,1050.0,1050.0,861.3,923.3
2024-08-29,883.3,988.3,864.3,961.0
2024-08-30,964.7,1086.7,929.3,1086.7
2024-09-02,1100.0,1320.0,1068.3,1320.0
2024-09-03,1436.7,1500.0,1326.7,1380.0
2024-09-04,1310.0,1513.3,1310.0,1510.0
2024-09-05,1533.3,1666.7,1276.7,1276.7
2024-09-06,1183.3,1231.7,1058.3,1113.3
2024-09-09,1090.0,1285.0,1035.0,1231.7
2024-09-10,1300.0,1428.3,1266.7,1403.3
2024-09-11,1356.7,1520.0,1290.0,1341.7
2024-09-12,1361.7,1431.7,1266.7,1313.3
2024-09-13,1341.7,1350.0,1140.0,1253.3
2024-09-17,1263.3,1263.3,1095.0,1118.3
2024-09-18,1141.7,1181.7,888.7,1040.0
2024-09-19,1046.7,1066.7,928.0,966.7
2024-09-20,965.3,1093.3,942.0,1015.0
2024-09-24,1030.0,1030.0,907.0,926.7
2024-09-25,920.0,1065.0,913.0,950.3
2024-09-26,933.7,938.7,900.0,912.7
2024-09-27,916.0,928.3,883.3,915.0
2024-09-30,901.7,1050.0,839.7,898.0
2024-10-01,881.3,919.0,880.3,902.7
2024-10-02,909.7,909.7,848.3,890.0
2024-10-03,888.3,909.3,846.3,857.7
2024-10-04,833.3,883.0,804.3,867.3
2024-10-07,849.7,872.3,814.7,867.7
2024-10-08,865.3,886.7,848.7,870.7
2024-10-09,871.7,916.3,853.0,900.0
2024-10-10,883.3,898.7,838.3,885.0
2024-10-11,881.7,896.3,833.3,870.0
2024-10-15,860.3,865.3,801.7,834.3
2024-10-16,817.7,849.0,812.0,841.7
2024-10-17,825.0,850.3,820.3,843.3
2024-10-18,838.3,861.7,838.3,843.3
2024-10-21,826.7,833.3,807.3,833.3
2024-10-22,823.3,829.0,804.7,807.0
2024-10-23,800.0,870.3,763.0,788.3
2024-10-24,805.0,940.7,773.3,897.7
2024-10-25,893.7,1065.0,883.3,1065.0
2024-10-28,1085.0,1175.0,984.0,1045.0
2024-10-29,1033.3,1060.0,926.7,940.7
2024-10-30,924.0,974.7,918.3,942.3
2024-10-31,925.7,956.3,892.0,949.3
2024-11-01,921.3,975.0,920.3,941.7
2024-11-05,933.0,986.7,907.0,981.7
2024-11-06,965.0,983.3,936.7,946.7
2024-11-07,919.3,930.3,895.0,913.3
2024-11-08,912.0,922.7,893.3,905.3
2024-11-11,910.7,1073.3,902.3,1073.3
2024-11-12,1096.7,1246.7,1050.0,1135.0
2024-11-13,1136.7,1183.3,1066.7,1160.0
2024-11-14,1143.3,1195.0,1098.3,1131.7
2024-11-15,1108.3,1148.3,1060.0,1101.7
2024-11-18,1078.3,1101.7,967.0,1000.0
2024-11-19,984.0,993.0,952.7,980.3
2024-11-20,960.7,1040.0,957.0,1021.7
2024-11-21,1020.0,1020.0,907.3,928.3
2024-11-22,928.3,931.7,867.0,899.7
2024-11-25,890.7,964.0,879.0,907.7
2024-11-26,891.0,1030.0,865.7,1003.3
2024-11-27,966.3,978.3,900.0,900.3
2024-11-28,900.7,938.7,900.7,911.7
2024-11-29,916.7,930.0,893.7,914.3
2024-12-02,913.0,913.0,869.3,905.0
2024-12-03,888.3,905.0,886.7,892.7
2024-12-04,892.7,930.0,887.0,926.7
2024-12-05,930.0,961.7,909.0,934.3
2024-12-06,933.3,933.3,904.3,905.7
2024-12-09,922.0,923.3,897.7,903.0
2024-12-10,896.7,904.0,875.7,900.0
2024-12-11,900.0,915.0,875.7,902.0
2024-12-12,902.0,912.0,886.7,912.0
2024-12-13,910.0,920.0,885.0,900.0
2024-12-16,893.7,903.3,875.7,903.0
2024-12-17,911.7,1038.3,907.0,984.7
2024-12-18,968.0,974.3,895.7,895.7
2024-12-19,879.0,895.7,856.7,895.3
2024-12-20,895.3,924.3,859.7,862.3
2024-12-23,858.3,865.0,788.0,861.7
2024-12-24,861.3,916.3,795.3,899.7
2024-12-25,880.0,899.0,832.0,838.0
2024-12-26,825.3,844.0,787.3,800.0
2024-12-27,800.0,874.7,796.7,848.7
2024-12-30,832.0,866.7,832.0,852.0
2025-01-06,871.3,878.7,854.7,869.0
2025-01-07,869.3,913.7,849.0,911.0
2025-01-08,910.0,916.7,889.3,902.3
2025-01-09,902.3,929.0,889.3,902.0
2025-01-10,906.7,971.3,897.3,943.3
2025-01-14,960.0,971.3,934.3,963.0
2025-01-15,946.3,967.0,924.0,950.3
2025-01-16,951.3,988.0,936.0,943.0
2025-01-17,930.3,943.3,911.3,943.3
2025-01-20,950.3,950.3,905.3,939.7
2025-01-21,945.7,945.7,920.0,930.7
2025-01-22,930.7,963.3,920.0,934.0
2025-01-23,928.3,929.0,901.0,929.0
2025-01-24,924.7,941.7,915.3,934.0
2025-01-27,953.3,953.3,902.0,930.0
2025-01-28,923.3,930.7,913.3,925.0
2025-01-29,931.3,931.3,897.3,923.3
2025-01-30,916.7,941.0,902.7,938.3
2025-01-31,921.7,992.7,921.7,976.0
2025-02-03,959.3,973.3,934.0,961.7
2025-02-04,978.3,978.3,921.0,936.7
2025-02-05,926.7,943.0,907.0,943.0
2025-02-06,940.0,943.0,923.3,938.3
2025-02-07,933.7,933.7,902.0,912.0
2025-02-10,904.3,949.7,876.7,941.0
2025-02-12,939.0,939.0,918.3,930.0
2025-02-13,932.0,940.3,920.3,936.7
2025-02-14,953.3,999.7,940.0,976.7
2025-02-17,990.3,1023.3,956.3,999.3
2025-02-18,1016.7,1021.7,966.7,993.3
2025-02-19,997.7,1000.0,978.3,990.0
2025-02-20,985.3,1003.3,973.3,988.3
2025-02-21,980.3,985.7,960.3,981.7
2025-02-25,973.3,1000.0,950.0,988.7
2025-02-26,988.7,999.3,916.7,950.3
2025-02-27,953.3,953.3,940.3,947.7
2025-02-28,940.3,948.0,916.7,931.0
2025-03-03,953.7,971.3,940.3,971.0
2025-03-04,960.0,966.3,940.3,961.7
2025-03-05,950.0,987.7,938.3,978.3
2025-03-06,978.3,997.0,972.3,993.3
2025-03-07,976.7,990.0,967.3,978.3
2025-03-10,978.3,983.3,957.0,970.0
2025-03-11,953.3,994.0,946.7,987.3
2025-03-12,977.7,1100.0,977.7,1046.7
2025-03-13,1023.3,1055.0,1016.7,1045.0
2025-03-14,1278.3,1278.3,1278.3,1278.3
2025-03-17,1511.7,1511.7,1511.7,1511.7
2025-03-18,1558.3,1655.0,1428.3,1610.0
2025-03-19,1586.7,1650.0,1560.0,1595.0
2025-03-21,1573.3,1746.7,1573.3,1703.3
2025-03-24,1713.3,1746.7,1676.7,1683.3
2025-03-25,1683.3,1780.0,1600.0,1635.0
2025-03-26,1613.3,1793.3,1401.7,1750.0
2025-03-27,1683.3,1723.3,1521.7,1650.0
2025-03-28,1650.0,1907.0,1650.0,1734.0
2025-03-31,1725.0,1750.0,1674.0,1729.0
2025-04-01,1703.0,1744.0,1671.0,1711.0
2025-04-02,1680.0,1717.0,1642.0,1702.0
2025-04-03,1671.0,1790.0,1671.0,1700.0
2025-04-04,1660.0,1707.0,1630.0,1685.0
2025-04-07,1605.0,1647.0,1453.0,1630.0
2025-04-08,1710.0,1712.0,1603.0,1636.0
2025-04-09,1618.0,1671.0,1472.0,1658.0
2025-04-10,1689.0,1699.0,1605.0,1650.0
2025-04-11,1633.0,1768.0,1473.0,1768.0
2025-04-14,1769.0,1769.0,1675.0,1720.0
2025-04-15,1686.0,1756.0,1650.0,1700.0
2025-04-16,1684.0,1723.0,1381.0,1700.0
2025-04-17,1678.0,1822.0,1623.0,1690.0
2025-04-18,1650.0,1713.0,1550.0,1620.0
2025-04-21,1580.0,1668.0,1445.0,1580.0
2025-04-22,1573.0,1600.0,1277.0,1351.0
2025-04-23,1321.0,1500.0,1256.0,1432.0
2025-04-24,1372.0,1426.0,1300.0,1303.0
2025-04-25,1273.0,1283.0,1100.0,1146.0
2025-04-28,1100.0,1120.0,965.0,965.0
2025-04-30,935.0,968.0,815.0,816.0
2025-05-01,814.0,965.0,810.0,900.0
2025-05-02,885.0,911.0,788.0,793.0
2025-05-07,800.0,805.0,737.0,740.0
2025-05-08,766.0,766.0,715.0,717.0
2025-05-09,715.0,738.0,712.0,718.0
2025-05-12,780.0,824.0,766.0,772.0
2025-05-13,757.0,779.0,726.0,726.0
2025-05-14,726.0,738.0,691.0,707.0
2025-05-15,699.0,717.0,696.0,699.0
2025-05-16,706.0,725.0,702.0,704.0
2025-05-19,692.0,692.0,663.0,680.0
2025-05-20,681.0,705.0,668.0,668.0
2025-05-21,678.0,704.0,677.0,692.0
2025-05-22,792.0,792.0,792.0,792.0
2025-05-23,833.0,942.0,802.0,942.0
2025-05-26,972.0,1092.0,971.0,1092.0
2025-05-27,1182.0,1380.0,1128.0,1171.0
2025-05-28,1101.0,1183.0,1015.0,1092.0
2025-05-29,1062.0,1392.0,1043.0,1304.0
2025-05-30,1390.0,1406.0,1187.0,1216.0
2025-06-02,1243.0,1323.0,1153.0,1185.0
2025-06-03,1159.0,1244.0,1100.0,1110.0
2025-06-04,1111.0,1147.0,1082.0,1097.0
2025-06-05,1103.0,1254.0,1091.0,1176.0
2025-06-06,1165.0,1175.0,1107.0,1153.0
2025-06-09,1177.0,1250.0,1149.0,1229.0
2025-06-10,1250.0,1295.0,1211.0,1282.0
2025-06-11,1258.0,1260.0,1206.0,1220.0
2025-06-12,1225.0,1400.0,1207.0,1355.0
2025-06-13,1349.0,1355.0,1260.0,1290.0
2025-06-16,1325.0,1365.0,1286.0,1324.0
2025-06-17,1338.0,1499.0,1330.0,1407.0
2025-06-18,1415.0,1620.0,1385.0,1593.0
2025-06-19,1503.0,1577.0,1471.0,1528.0
2025-06-20,1512.0,1522.0,1430.0,1454.0
2025-06-23,1403.0,1408.0,1326.0,1375.0
2025-06-24,1422.0,1675.0,1395.0,1544.0
2025-06-25,1600.0,1893.0,1573.0,1781.0
2025-06-26,1901.0,2007.0,1782.0,1811.0
2025-06-27,1792.0,1880.0,1712.0,1860.0
2025-06-30,1900.0,1934.0,1784.0,1801.0
2025-07-01,1805.0,1849.0,1685.0,1721.0
2025-07-02,1681.0,1706.0,1424.0,1472.0
2025-07-03,1442.0,1450.0,1172.0,1200.0
2025-07-04,1220.0,1345.0,1164.0,1245.0
2025-07-07,1227.0,1497.0,1227.0,1432.0
2025-07-08,1402.0,1578.0,1402.0,1465.0
2025-07-09,1440.0,1507.0,1411.0,1420.0
2025-07-10,1428.0,1720.0,1421.0,1685.0
2025-07-11,1654.0,1796.0,1586.0,1615.0
2025-07-14,1593.0,1660.0,1514.0,1572.0
2025-07-15,1577.0,1582.0,1425.0,1505.0
2025-07-16,1480.0,1519.0,1457.0,1471.0
2025-07-17,1500.0,1730.0,1487.0,1666.0
2025-07-18,1677.0,1695.0,1576.0,1604.0
2025-07-22,1620.0,1643.0,1517.0,1530.0
2025-07-23,1567.0,1629.0,1533.0,1600.0
2025-07-24,1587.0,1656.0,1575.0,1628.0
2025-07-25,1625.0,1805.0,1555.0,1679.0
2025-07-28,1679.0,1695.0,1610.0,1682.0
2025-07-29,1674.0,1956.0,1670.0,1841.0
2025-07-30,1830.0,1950.0,1791.0,1825.0
2025-07-31,1785.0,1860.0,1688.0,1706.0
2025-08-01,1666.0,1688.0,1412.0,1482.0
2025-08-04,1480.0,1539.0,1477.0,1500.0
2025-08-05,1481.0,1511.0,1432.0,1502.0
2025-08-06,1494.0,1516.0,1469.0,1512.0
2025-08-07,1494.0,1518.0,1458.0,1470.0
2025-08-08,1435.0,1467.0,1417.0,1450.0
2025-08-12,1522.0,1570.0,1490.0,1522.0
2025-08-13,1513.0,1555.0,1440.0,1451.0
2025-08-14,1460.0,1460.0,1362.0,1375.0
2025-08-15,1362.0,1395.0,1326.0,1351.0
2025-08-18,1377.0,1412.0,1357.0,1386.0
2025-08-19,1405.0,1418.0,1374.0,1388.0
2025-08-20,1478.0,1478.0,1365.0,1366.0
2025-08-21,1350.0,1388.0,1264.0,1295.0
2025-08-22,1285.0,1449.0,1285.0,1310.0
2025-08-25,1320.0,1486.0,1308.0,1415.0
2025-08-26,1410.0,1418.0,1357.0,1370.0
2025-08-27,1359.0,1670.0,1331.0,1670.0
2025-08-28,1630.0,1850.0,1577.0,1650.0
2025-08-29,1538.0,1577.0,1410.0,1425.0
2025-09-01,1400.0,1455.0,1395.0,1430.0
2025-09-02,1438.0,1468.0,1390.0,1402.0
2025-09-03,1391.0,1401.0,1362.0,1371.0
2025-09-04,1385.0,1413.0,1357.0,1361.0
2025-09-05,1368.0,1382.0,1351.0,1361.0
2025-09-08,1387.0,1390.0,1361.0,1365.0
2025-09-09,1370.0,1385.0,1321.0,1326.0
2025-09-10,1320.0,1338.0,1301.0,1311.0
2025-09-11,1335.0,1335.0,1301.0,1301.0
2025-09-12,1306.0,1313.0,1246.0,1255.0
2025-09-16,1289.0,1314.0,1232.0,1246.0
2025-09-17,1229.0,1255.0,1225.0,1230.0
2025-09-18,1245.0,1247.0,1212.0,1236.0
2025-09-19,1240.0,1268.0,1227.0,1246.0
2025-09-22,1227.0,1256.0,1226.0,1234.0
2025-09-24,1234.0,1247.0,1204.0,1212.0
2025-09-25,1215.0,1234.0,1203.0,1206.0
2025-09-26,1233.0,1233.0,1202.0,1207.0
2025-09-29,1207.0,1231.0,1177.0,1192.0
2025-09-30,1208.0,1218.0,1192.0,1192.0
2025-10-01,1193.0,1202.0,1155.0,1167.0
2025-10-02,1171.0,1329.0,1140.0,1147.0
2025-10-03,1142.0,1190.0,1100.0,1118.0
2025-10-06,1116.0,1156.0,1115.0,1129.0
2025-10-07,1121.0,1135.0,1090.0,1098.0
2025-10-08,1068.0,1110.0,1056.0,1094.0
2025-10-09,1094.0,1094.0,1062.0,1069.0
2025-10-10,1047.0,1094.0,1047.0,1067.0
2025-10-14,1041.0,1063.0,1011.0,1019.0
2025-10-15,1021.0,1067.0,1021.0,1059.0
2025-10-16,1052.0,1068.0,1021.0,1045.0
2025-10-17,1053.0,1053.0,1002.0,1008.0
2025-10-20,1015.0,1065.0,1008.0,1043.0
2025-10-21,1043.0,1089.0,1033.0,1041.0
2025-10-22,1036.0,1066.0,1036.0,1057.0
2025-10-23,1047.0,1047.0,1026.0,1033.0
2025-10-24,1034.0,1051.0,1022.0,1040.0
2025-10-27,1056.0,1077.0,1041.0,1071.0
2025-10-28,1090.0,1091.0,1033.0,1039.0
2025-10-29,1046.0,1046.0,1000.0,1013.0
2025-10-30,1013.0,1038.0,1013.0,1022.0
2025-10-31,1056.0,1165.0,1052.0,1141.0
2025-11-04,1143.0,1225.0,1121.0,1199.0
2025-11-05,1180.0,1295.0,1114.0,1144.0
2025-11-06,1155.0,1189.0,1140.0,1168.0
2025-11-07,1144.0,1206.0,1100.0,1161.0
2025-11-10,1186.0,1220.0,1131.0,1160.0
2025-11-11,1160.0,1225.0,1128.0,1211.0
2025-11-12,1204.0,1260.0,1190.0,1209.0
2025-11-13,1179.0,1200.0,1113.0,1116.0
2025-11-14,1176.0,1265.0,1110.0,1150.0
2025-11-17,1120.0,1162.0,1120.0,1149.0
2025-11-18,1157.0,1157.0,1072.0,1075.0
2025-11-19,1072.0,1093.0,1060.0,1079.0
2025-11-20,1079.0,1112.0,1057.0,1069.0
2025-11-21,1053.0,1110.0,1053.0,1083.0
2025-11-25,1082.0,1087.0,980.0,1013.0
2025-11-26,1037.0,1058.0,1011.0,1045.0
2025-11-27,1045.0,1060.0,1030.0,1044.0
2025-11-28,1035.0,1056.0,1035.0,1037.0
2025-12-01,1037.0,1059.0,1015.0,1039.0
2025-12-02,1031.0,1033.0,1001.0,1013.0
2025-12-03,1010.0,1031.0,1000.0,1000.0
2025-12-04,999.0,1010.0,888.0,950.0
2025-12-05,927.0,956.0,903.0,905.0
2025-12-08,906.0,916.0,865.0,889.0
2025-12-09,900.0,906.0,878.0,895.0
2025-12-10,899.0,925.0,889.0,925.0
2025-12-11,931.0,1004.0,922.0,932.0
2025-12-12,922.0,938.0,886.0,903.0
2025-12-15,907.0,934.0,907.0,934.0
2025-12-16,943.0,943.0,901.0,901.0
2025-12-17,902.0,919.0,891.0,919.0
2025-12-18,909.0,927.0,900.0,900.0
2025-12-19,901.0,911.0,870.0,872.0
2025-12-22,872.0,883.0,857.0,870.0
2025-12-23,872.0,917.0,872.0,916.0
2025-12-24,928.0,938.0,900.0,904.0
2025-12-25,907.0,918.0,898.0,904.0
2025-12-26,900.0,915.0,881.0,900.0
2025-12-29,910.0,938.0,899.0,918.0
2025-12-30,911.0,926.0,900.0,904.0
2026-01-05,919.0,966.0,910.0,957.0
2026-01-06,978.0,989.0,957.0,976.0
2026-01-07,971.0,1105.0,968.0,1047.0
2026-01-08,1035.0,1046.0,991.0,991.0
2026-01-09,991.0,1003.0,975.0,986.0
2026-01-13,983.0,986.0,961.0,963.0
2026-01-14,974.0,974.0,954.0,956.0
2026-01-15,949.0,993.0,949.0,987.0
2026-01-16,987.0,1019.0,980.0,1009.0
2026-01-19,1009.0,1046.0,985.0,1016.0
2026-01-20,1010.0,1016.0,990.0,995.0
2026-01-21,965.0,1001.0,965.0,985.0
2026-01-22,998.0,1001.0,956.0,964.0
2026-01-23,964.0,994.0,958.0,989.0
2026-01-26,974.0,989.0,950.0,961.0
2026-01-27,961.0,962.0,936.0,944.0
2026-01-28,934.0,938.0,903.0,910.0
2026-01-29,912.0,912.0,870.0,903.0
2026-01-30,896.0,903.0,890.0,903.0
2026-02-02,898.0,909.0,877.0,889.0
2026-02-03,888.0,908.0,881.0,908.0
2026-02-04,906.0,913.0,891.0,909.0
2026-02-05,915.0,924.0,907.0,910.0
2026-02-06,915.0,920.0,891.0,899.0
2026-02-09,895.0,904.0,869.0,894.0
2026-02-10,899.0,917.0,898.0,912.0
2026-02-12,901.0,917.0,888.0,895.0
2026-02-13,889.0,894.0,866.0,880.0
2026-02-16,870.0,899.0,870.0,891.0
2026-02-17,891.0,906.0,877.0,883.0
2026-02-18,878.0,912.0,872.0,912.0
2026-02-19,904.0,908.0,888.0,903.0
2026-02-20,891.0,892.0,864.0,890.0
2026-02-24,886.0,886.0,860.0,870.0
2026-02-25,880.0,901.0,872.0,872.0
2026-02-26,875.0,902.0,875.0,878.0
2026-02-27,878.0,902.0,878.0,902.0
2026-03-02,887.0,894.0,871.0,877.0
2026-03-03,880.0,883.0,852.0,855.0
2026-03-04,829.0,847.0,785.0,805.0
2026-03-05,820.0,862.0,805.0,844.0
2026-03-06,829.0,862.0,829.0,834.0
2026-03-09,820.0,820.0,790.0,811.0
2026-03-10,811.0,869.0,811.0,869.0
2026-03-11,854.0,882.0,854.0,867.0
2026-03-12,860.0,865.0,844.0,852.0
2026-03-13,842.0,865.0,841.0,865.0
2026-03-16,866.0,874.0,845.0,846.0
2026-03-17,841.0,870.0,841.0,850.0
2026-03-18,841.0,867.0,841.0,854.0
2026-03-19,839.0,839.0,819.0,825.0
2026-03-23,807.0,807.0,780.0,791.0
2026-03-24,802.0,941.0,795.0,941.0
2026-03-25,1091.0,1091.0,1091.0,1091.0
2026-03-26,1031.0,1220.0,1002.0,1077.0
2026-03-27,1074.0,1306.0,1022.0,1040.0
2026-03-30,1030.0,1063.0,940.0,940.0
2026-03-31,940.0,1090.0,929.0,1011.0
2026-04-01,1005.0,1046.0,984.0,1002.0
2026-04-02,972.0,990.0,923.0,926.0
2026-04-03,949.0,962.0,925.0,935.0
2026-04-06,950.0,982.0,934.0,961.0
2026-04-07,958.0,976.0,910.0,912.0
2026-04-08,921.0,949.0,917.0,949.0
2026-04-09,942.0,948.0,918.0,923.0
2026-04-10,919.0,928.0,890.0,895.0
2026-04-13,881.0,918.0,881.0,901.0
2026-04-14,916.0,922.0,902.0,903.0
2026-04-15,914.0,926.0,909.0,926.0
2026-04-16,928.0,945.0,914.0,914.0
2026-04-17,914.0,918.0,901.0,905.0
2026-04-20,905.0,946.0,905.0,935.0
2026-04-21,934.0,939.0,913.0,925.0
2026-04-22,927.0,929.0,903.0,911.0
2026-04-23,913.0,913.0,869.0,879.0
2026-04-24,880.0,880.0,843.0,843.0
2026-04-27,851.0,854.0,821.0,828.0
2026-04-28,823.0,844.0,823.0,841.0
2026-04-30,829.0,848.0,823.0,836.0
2026-05-01,836.0,850.0,835.0,837.0
2026-05-07,834.0,867.0,831.0,856.0
2026-05-08,856.0,871.0,842.0,859.0
2026-05-11,857.0,890.0,852.0,875.0
2026-05-12,871.0,914.0,855.0,857.0
2026-05-13,842.0,885.0,842.0,872.0
2026-05-14,869.0,872.0,846.0,855.0
2026-05-15,859.0,876.0,844.0,845.0
2026-05-18,853.0,892.0,853.0,868.0
2026-05-19,868.0,902.0,850.0,850.0
2026-05-20,851.0,852.0,801.0,810.0
2026-05-21,810.0,910.0,810.0,894.0
2026-05-22,900.0,965.0,855.0,867.0
2026-05-25,897.0,923.0,874.0,914.0
2026-05-26,920.0,922.0,890.0,900.0
2026-05-27,897.0,905.0,871.0,880.0
2026-05-28,895.0,905.0,870.0,897.0
2026-05-29,897.0,916.0,884.0,886.0
2026-06-01,886.0,900.0,866.0,872.0
2026-06-02,861.0,872.0,846.0,868.0
2026-06-03,864.0,871.0,846.0,866.0
2026-06-04,851.0,852.0,829.0,837.0
2026-06-05,827.0,851.0,817.0,833.0
2026-06-08,808.0,829.0,771.0,801.0
2026-06-09,816.0,854.0,761.0,761.0
2026-06-10,770.0,770.0,709.0,710.0
2026-06-11,696.0,715.0,661.0,707.0
2026-06-12,709.0,712.0,684.0,697.0
2026-06-15,689.0,732.0,680.0,691.0
2026-06-16,694.0,700.0,669.0,670.0
2026-06-17,682.0,767.0,682.0,719.0
2026-06-18,749.0,754.0,715.0,715.0
2026-06-19,703.0,730.0,698.0,698.0
2026-06-22,692.0,715.0,688.0,691.0
2026-06-23,691.0,692.0,675.0,675.0
2026-06-24,668.0,687.0,666.0,668.0
2026-06-25,674.0,699.0,663.0,699.0
2026-06-26,689.0,696.0,659.0,669.0
2026-06-29,679.0,697.0,669.0,673.0
2026-06-30,666.0,684.0,666.0,680.0
2026-07-01,679.0,684.0,675.0,680.0
2026-07-02,677.0,707.0,671.0,694.0
2026-07-03,693.0,706.0,691.0,698.0
2026-07-06,708.0,744.0,688.0,725.0
2026-07-07,721.0,734.0,695.0,696.0
2026-07-08,696.0,716.0,690.0,690.0
2026-07-09,708.0,708.0,677.0,685.0
2026-07-10,700.0,715.0,695.0,704.0
2026-07-13,706.0,790.0,706.0,774.0
2026-07-14,785.0,924.0,785.0,924.0
2026-07-15,909.0,919.0,856.0,919.0
2026-07-16,904.0,920.0,783.0,833.0
2026-07-17,801.0,816.0,698.0,757.0
2026-07-21,742.0,777.0,732.0,744.0
2026-07-22,743.0,760.0,733.0,751.0
2026-07-23,750.0,762.0,734.0,751.0
2026-07-24,741.0,770.0,739.0,752.0
2026-07-27,763.0,849.0,763.0,819.0
2026-07-28,804.0,815.0,736.0,740.0
2026-07-29,747.0,753.0,723.0,725.0
2026-07-30,710.0,740.0,709.0,721.0
2026-07-31,723.0,730.0,699.0,709.0
2026-08-03,704.0,723.0,700.0,703.0
2026-08-04,711.0,719.0,710.0,710.0
