Date,Code,Open,High,Low,Close,UpperLimit,LowerLimit,Volume,TurnoverValue,AdjustmentFactor,AdjustmentOpen,AdjustmentHigh,AdjustmentLow,AdjustmentClose,AdjustmentVolume
2023-09-06,9302,4200.0,4220.0,4175.0,4175.0,0,0,119200.0,499729000.0,1.0,1400.0,1406.7,1391.7,1391.7,357600.0
2023-09-07,9302,4170.0,4260.0,4165.0,4240.0,0,0,80900.0,342400000.0,1.0,1390.0,1420.0,1388.3,1413.3,242700.0
2023-09-08,9302,4250.0,4270.0,4235.0,4270.0,0,0,85800.0,365255500.0,1.0,1416.7,1423.3,1411.7,1423.3,257400.0
2023-09-11,9302,4285.0,4305.0,4270.0,4300.0,0,0,77800.0,333151000.0,1.0,1428.3,1435.0,1423.3,1433.3,233400.0
2023-09-12,9302,4320.0,4330.0,4265.0,4280.0,0,0,81500.0,349098500.0,1.0,1440.0,1443.3,1421.7,1426.7,244500.0
2023-09-13,9302,4280.0,4310.0,4280.0,4305.0,0,0,76900.0,330541000.0,1.0,1426.7,1436.7,1426.7,1435.0,230700.0
2023-09-14,9302,4315.0,4360.0,4305.0,4345.0,0,0,69100.0,299794500.0,1.0,1438.3,1453.3,1435.0,1448.3,207300.0
2023-09-15,9302,4325.0,4370.0,4325.0,4330.0,0,0,100400.0,435815500.0,1.0,1441.7,1456.7,1441.7,1443.3,301200.0
2023-09-19,9302,4365.0,4400.0,4355.0,4400.0,0,0,71600.0,313578500.0,1.0,1455.0,1466.7,1451.7,1466.7,214800.0
2023-09-20,9302,4445.0,4485.0,4435.0,4470.0,0,0,113000.0,504501000.0,1.0,1481.7,1495.0,1478.3,1490.0,339000.0
2023-09-21,9302,4485.0,4505.0,4470.0,4470.0,0,0,91100.0,408343500.0,1.0,1495.0,1501.7,1490.0,1490.0,273300.0
2023-09-22,9302,4500.0,4520.0,4485.0,4515.0,0,0,90600.0,408132000.0,1.0,1500.0,1506.7,1495.0,1505.0,271800.0
2023-09-25,9302,4535.0,4565.0,4495.0,4565.0,0,0,89000.0,404129000.0,1.0,1511.7,1521.7,1498.3,1521.7,267000.0
2023-09-26,9302,4550.0,4555.0,4505.0,4545.0,0,0,77400.0,350828000.0,1.0,1516.7,1518.3,1501.7,1515.0,232200.0
2023-09-27,9302,4510.0,4560.0,4500.0,4555.0,0,0,81200.0,367812000.0,1.0,1503.3,1520.0,1500.0,1518.3,243600.0
2023-09-28,9302,4505.0,4550.0,4480.0,4500.0,0,0,90200.0,406678000.0,1.0,1501.7,1516.7,1493.3,1500.0,270600.0
2023-09-29,9302,4480.0,4495.0,4290.0,4305.0,0,0,132500.0,575340500.0,1.0,1493.3,1498.3,1430.0,1435.0,397500.0
2023-10-02,9302,4300.0,4385.0,4275.0,4320.0,0,0,83900.0,364384500.0,1.0,1433.3,1461.7,1425.0,1440.0,251700.0
2023-10-03,9302,4300.0,4300.0,4175.0,4180.0,0,0,108000.0,455628000.0,1.0,1433.3,1433.3,1391.7,1393.3,324000.0
2023-10-04,9302,4055.0,4110.0,4020.0,4030.0,0,0,103900.0,421752500.0,1.0,1351.7,1370.0,1340.0,1343.3,311700.0
2023-10-05,9302,4050.0,4105.0,4025.0,4105.0,0,0,79300.0,323003000.0,1.0,1350.0,1368.3,1341.7,1368.3,237900.0
2023-10-06,9302,4105.0,4140.0,4085.0,4090.0,0,0,62400.0,256462500.0,1.0,1368.3,1380.0,1361.7,1363.3,187200.0
2023-10-10,9302,4190.0,4205.0,4170.0,4180.0,0,0,60100.0,251745500.0,1.0,1396.7,1401.7,1390.0,1393.3,180300.0
2023-10-11,9302,4150.0,4150.0,4080.0,4085.0,0,0,91800.0,377097000.0,1.0,1383.3,1383.3,1360.0,1361.7,275400.0
2023-10-12,9302,4110.0,4160.0,4100.0,4155.0,0,0,55300.0,228837500.0,1.0,1370.0,1386.7,1366.7,1385.0,165900.0
2023-10-13,9302,4150.0,4165.0,4095.0,4110.0,0,0,79200.0,326257500.0,1.0,1383.3,1388.3,1365.0,1370.0,237600.0
2023-10-16,9302,4095.0,4135.0,4080.0,4090.0,0,0,53600.0,219830000.0,1.0,1365.0,1378.3,1360.0,1363.3,160800.0
2023-10-17,9302,4130.0,4150.0,4080.0,4100.0,0,0,38300.0,157276000.0,1.0,1376.7,1383.3,1360.0,1366.7,114900.0
2023-10-18,9302,4145.0,4155.0,4105.0,4135.0,0,0,48100.0,198506500.0,1.0,1381.7,1385.0,1368.3,1378.3,144300.0
2023-10-19,9302,4120.0,4205.0,4105.0,4185.0,0,0,76000.0,317090500.0,1.0,1373.3,1401.7,1368.3,1395.0,228000.0
2023-10-20,9302,4185.0,4245.0,4165.0,4220.0,0,0,92300.0,388851000.0,1.0,1395.0,1415.0,1388.3,1406.7,276900.0
2023-10-23,9302,4200.0,4205.0,4120.0,4135.0,0,0,71900.0,299178000.0,1.0,1400.0,1401.7,1373.3,1378.3,215700.0
2023-10-24,9302,4110.0,4170.0,4015.0,4150.0,0,0,87600.0,358468000.0,1.0,1370.0,1390.0,1338.3,1383.3,262800.0
2023-10-25,9302,4205.0,4220.0,4165.0,4165.0,0,0,66500.0,278883000.0,1.0,1401.7,1406.7,1388.3,1388.3,199500.0
2023-10-26,9302,4135.0,4185.0,4135.0,4165.0,0,0,79900.0,332092000.0,1.0,1378.3,1395.0,1378.3,1388.3,239700.0
2023-10-27,9302,4200.0,4295.0,4200.0,4280.0,0,0,96000.0,409405000.0,1.0,1400.0,1431.7,1400.0,1426.7,288000.0
2023-10-30,9302,4280.0,4280.0,4205.0,4245.0,0,0,72500.0,307057500.0,1.0,1426.7,1426.7,1401.7,1415.0,217500.0
2023-10-31,9302,4245.0,4280.0,4230.0,4280.0,0,0,94700.0,403422000.0,1.0,1415.0,1426.7,1410.0,1426.7,284100.0
2023-11-01,9302,4350.0,4415.0,4330.0,4410.0,0,0,102500.0,448943000.0,1.0,1450.0,1471.7,1443.3,1470.0,307500.0
2023-11-02,9302,4480.0,4500.0,4365.0,4390.0,0,0,96900.0,426623000.0,1.0,1493.3,1500.0,1455.0,1463.3,290700.0
2023-11-06,9302,4420.0,4435.0,4355.0,4375.0,0,0,99600.0,436195500.0,1.0,1473.3,1478.3,1451.7,1458.3,298800.0
2023-11-07,9302,4350.0,4405.0,4295.0,4305.0,0,0,100800.0,436805500.0,1.0,1450.0,1468.3,1431.7,1435.0,302400.0
2023-11-08,9302,4655.0,4655.0,4440.0,4450.0,0,0,416600.0,1872317500.0,1.0,1551.7,1551.7,1480.0,1483.3,1249800.0
2023-11-09,9302,4515.0,4525.0,4415.0,4450.0,0,0,151500.0,673629500.0,1.0,1505.0,1508.3,1471.7,1483.3,454500.0
2023-11-10,9302,4485.0,4590.0,4465.0,4585.0,0,0,154000.0,700164000.0,1.0,1495.0,1530.0,1488.3,1528.3,462000.0
2023-11-13,9302,4650.0,4710.0,4585.0,4620.0,0,0,168000.0,781627500.0,1.0,1550.0,1570.0,1528.3,1540.0,504000.0
2023-11-14,9302,4625.0,4705.0,4615.0,4650.0,0,0,133300.0,621050500.0,1.0,1541.7,1568.3,1538.3,1550.0,399900.0
2023-11-15,9302,4650.0,4655.0,4565.0,4640.0,0,0,163200.0,751819500.0,1.0,1550.0,1551.7,1521.7,1546.7,489600.0
2023-11-16,9302,4570.0,4670.0,4560.0,4655.0,0,0,128000.0,590610000.0,1.0,1523.3,1556.7,1520.0,1551.7,384000.0
2023-11-17,9302,4615.0,4745.0,4615.0,4735.0,0,0,78900.0,371669000.0,1.0,1538.3,1581.7,1538.3,1578.3,236700.0
2023-11-20,9302,4740.0,4750.0,4630.0,4630.0,0,0,97100.0,451943000.0,1.0,1580.0,1583.3,1543.3,1543.3,291300.0
2023-11-21,9302,4590.0,4635.0,4540.0,4595.0,0,0,134500.0,616181000.0,1.0,1530.0,1545.0,1513.3,1531.7,403500.0
2023-11-22,9302,4600.0,4675.0,4585.0,4655.0,0,0,57400.0,267040500.0,1.0,1533.3,1558.3,1528.3,1551.7,172200.0
2023-11-24,9302,4675.0,4695.0,4660.0,4670.0,0,0,41000.0,191648500.0,1.0,1558.3,1565.0,1553.3,1556.7,123000.0
2023-11-27,9302,4685.0,4745.0,4685.0,4740.0,0,0,68400.0,322742000.0,1.0,1561.7,1581.7,1561.7,1580.0,205200.0
2023-11-28,9302,4745.0,4765.0,4725.0,4765.0,0,0,47200.0,224250500.0,1.0,1581.7,1588.3,1575.0,1588.3,141600.0
2023-11-29,9302,4775.0,4845.0,4745.0,4820.0,0,0,103500.0,497753000.0,1.0,1591.7,1615.0,1581.7,1606.7,310500.0
2023-11-30,9302,4790.0,4845.0,4770.0,4835.0,0,0,114900.0,553230000.0,1.0,1596.7,1615.0,1590.0,1611.7,344700.0
2023-12-01,9302,4875.0,4915.0,4850.0,4855.0,0,0,96700.0,472220000.0,1.0,1625.0,1638.3,1616.7,1618.3,290100.0
2023-12-04,9302,4850.0,4860.0,4790.0,4850.0,0,0,81600.0,394553500.0,1.0,1616.7,1620.0,1596.7,1616.7,244800.0
2023-12-05,9302,4870.0,4880.0,4765.0,4765.0,0,0,71300.0,342446000.0,1.0,1623.3,1626.7,1588.3,1588.3,213900.0
2023-12-06,9302,4760.0,4805.0,4750.0,4800.0,0,0,66600.0,318953000.0,1.0,1586.7,1601.7,1583.3,1600.0,199800.0
2023-12-07,9302,4740.0,4765.0,4695.0,4720.0,0,0,64300.0,303682000.0,1.0,1580.0,1588.3,1565.0,1573.3,192900.0
2023-12-08,9302,4710.0,4755.0,4670.0,4700.0,0,0,107700.0,505967000.0,1.0,1570.0,1585.0,1556.7,1566.7,323100.0
2023-12-11,9302,4760.0,4785.0,4730.0,4780.0,0,0,80200.0,381316000.0,1.0,1586.7,1595.0,1576.7,1593.3,240600.0
2023-12-12,9302,4815.0,4820.0,4690.0,4700.0,0,0,47300.0,224193500.0,1.0,1605.0,1606.7,1563.3,1566.7,141900.0
2023-12-13,9302,4660.0,4685.0,4605.0,4635.0,0,0,101500.0,471445000.0,1.0,1553.3,1561.7,1535.0,1545.0,304500.0
2023-12-14,9302,4670.0,4675.0,4575.0,4605.0,0,0,89100.0,410693500.0,1.0,1556.7,1558.3,1525.0,1535.0,267300.0
2023-12-15,9302,4600.0,4685.0,4585.0,4660.0,0,0,115000.0,534514500.0,1.0,1533.3,1561.7,1528.3,1553.3,345000.0
2023-12-18,9302,4660.0,4745.0,4635.0,4740.0,0,0,97300.0,456878500.0,1.0,1553.3,1581.7,1545.0,1580.0,291900.0
2023-12-19,9302,4790.0,4810.0,4685.0,4730.0,0,0,48400.0,229043000.0,1.0,1596.7,1603.3,1561.7,1576.7,145200.0
2023-12-20,9302,4695.0,4715.0,4650.0,4665.0,0,0,57400.0,268884000.0,1.0,1565.0,1571.7,1550.0,1555.0,172200.0
2023-12-21,9302,4630.0,4660.0,4615.0,4635.0,0,0,52300.0,242590000.0,1.0,1543.3,1553.3,1538.3,1545.0,156900.0
2023-12-22,9302,4680.0,4780.0,4670.0,4770.0,0,0,108000.0,512765500.0,1.0,1560.0,1593.3,1556.7,1590.0,324000.0
2023-12-25,9302,4815.0,4820.0,4640.0,4650.0,0,0,82700.0,389271500.0,1.0,1605.0,1606.7,1546.7,1550.0,248100.0
2023-12-26,9302,4640.0,4740.0,4640.0,4710.0,0,0,65300.0,307167500.0,1.0,1546.7,1580.0,1546.7,1570.0,195900.0
2023-12-27,9302,4750.0,4795.0,4750.0,4795.0,0,0,67400.0,322406500.0,1.0,1583.3,1598.3,1583.3,1598.3,202200.0
2023-12-28,9302,4770.0,4770.0,4715.0,4735.0,0,0,51500.0,243821500.0,1.0,1590.0,1590.0,1571.7,1578.3,154500.0
2023-12-29,9302,4730.0,4755.0,4685.0,4705.0,0,0,62200.0,293069500.0,1.0,1576.7,1585.0,1561.7,1568.3,186600.0
2024-01-04,9302,4745.0,4880.0,4740.0,4875.0,0,0,123600.0,595394000.0,1.0,1581.7,1626.7,1580.0,1625.0,370800.0
2024-01-05,9302,4895.0,4915.0,4865.0,4880.0,0,0,66700.0,325910500.0,1.0,1631.7,1638.3,1621.7,1626.7,200100.0
2024-01-09,9302,4875.0,4905.0,4840.0,4855.0,0,0,72300.0,351783500.0,1.0,1625.0,1635.0,1613.3,1618.3,216900.0
2024-01-10,9302,4865.0,4945.0,4865.0,4945.0,0,0,81900.0,403263000.0,1.0,1621.7,1648.3,1621.7,1648.3,245700.0
2024-01-11,9302,4970.0,4990.0,4925.0,4925.0,0,0,64900.0,321353500.0,1.0,1656.7,1663.3,1641.7,1641.7,194700.0
2024-01-12,9302,4985.0,4995.0,4925.0,4975.0,0,0,70900.0,351806500.0,1.0,1661.7,1665.0,1641.7,1658.3,212700.0
2024-01-15,9302,4975.0,5060.0,4975.0,5030.0,0,0,76300.0,383563000.0,1.0,1658.3,1686.7,1658.3,1676.7,228900.0
2024-01-16,9302,5040.0,5040.0,4930.0,4930.0,0,0,84000.0,417796000.0,1.0,1680.0,1680.0,1643.3,1643.3,252000.0
2024-01-17,9302,4990.0,5040.0,4945.0,4945.0,0,0,69500.0,346936500.0,1.0,1663.3,1680.0,1648.3,1648.3,208500.0
2024-01-18,9302,4940.0,5010.0,4925.0,4975.0,0,0,64500.0,320664000.0,1.0,1646.7,1670.0,1641.7,1658.3,193500.0
2024-01-19,9302,5000.0,5020.0,4940.0,4985.0,0,0,63800.0,317614500.0,1.0,1666.7,1673.3,1646.7,1661.7,191400.0
2024-01-22,9302,4990.0,5040.0,4985.0,5040.0,0,0,42400.0,212785500.0,1.0,1663.3,1680.0,1661.7,1680.0,127200.0
2024-01-23,9302,5040.0,5070.0,4975.0,5010.0,0,0,47900.0,240224500.0,1.0,1680.0,1690.0,1658.3,1670.0,143700.0
2024-01-24,9302,5000.0,5000.0,4920.0,4920.0,0,0,58300.0,287934000.0,1.0,1666.7,1666.7,1640.0,1640.0,174900.0
2024-01-25,9302,4960.0,5000.0,4950.0,5000.0,0,0,66000.0,328990000.0,1.0,1653.3,1666.7,1650.0,1666.7,198000.0
2024-01-26,9302,5000.0,5010.0,4935.0,4965.0,0,0,50800.0,252137000.0,1.0,1666.7,1670.0,1645.0,1655.0,152400.0
2024-01-29,9302,4970.0,5010.0,4955.0,4985.0,0,0,38300.0,190725000.0,1.0,1656.7,1670.0,1651.7,1661.7,114900.0
2024-01-30,9302,4975.0,4990.0,4950.0,4955.0,0,0,48000.0,238392000.0,1.0,1658.3,1663.3,1650.0,1651.7,144000.0
2024-01-31,9302,4945.0,4960.0,4895.0,4945.0,0,0,72400.0,356637000.0,1.0,1648.3,1653.3,1631.7,1648.3,217200.0
2024-02-01,9302,4950.0,4975.0,4945.0,4960.0,0,0,49400.0,245088000.0,1.0,1650.0,1658.3,1648.3,1653.3,148200.0
2024-02-02,9302,4950.0,4960.0,4880.0,4930.0,0,0,66900.0,329441500.0,1.0,1650.0,1653.3,1626.7,1643.3,200700.0
2024-02-05,9302,4935.0,4935.0,4845.0,4860.0,0,0,67400.0,328446500.0,1.0,1645.0,1645.0,1615.0,1620.0,202200.0
2024-02-06,9302,4845.0,4895.0,4810.0,4810.0,0,0,77400.0,375453000.0,1.0,1615.0,1631.7,1603.3,1603.3,232200.0
2024-02-07,9302,4800.0,4830.0,4765.0,4770.0,0,0,105300.0,504229500.0,1.0,1600.0,1610.0,1588.3,1590.0,315900.0
2024-02-08,9302,4635.0,4710.0,4605.0,4660.0,0,0,163600.0,761435000.0,1.0,1545.0,1570.0,1535.0,1553.3,490800.0
2024-02-09,9302,4705.0,4810.0,4705.0,4785.0,0,0,115400.0,550459000.0,1.0,1568.3,1603.3,1568.3,1595.0,346200.0
2024-02-13,9302,4805.0,4845.0,4770.0,4815.0,0,0,115300.0,555613500.0,1.0,1601.7,1615.0,1590.0,1605.0,345900.0
2024-02-14,9302,4815.0,4815.0,4635.0,4675.0,0,0,86400.0,405401500.0,1.0,1605.0,1605.0,1545.0,1558.3,259200.0
2024-02-15,9302,4675.0,4680.0,4580.0,4595.0,0,0,71200.0,328385500.0,1.0,1558.3,1560.0,1526.7,1531.7,213600.0
2024-02-16,9302,4625.0,4670.0,4620.0,4625.0,0,0,63500.0,294598000.0,1.0,1541.7,1556.7,1540.0,1541.7,190500.0
2024-02-19,9302,4610.0,4665.0,4600.0,4665.0,0,0,54800.0,253696500.0,1.0,1536.7,1555.0,1533.3,1555.0,164400.0
2024-02-20,9302,4660.0,4660.0,4620.0,4645.0,0,0,69900.0,324306000.0,1.0,1553.3,1553.3,1540.0,1548.3,209700.0
2024-02-21,9302,4645.0,4645.0,4550.0,4565.0,0,0,97300.0,445614500.0,1.0,1548.3,1548.3,1516.7,1521.7,291900.0
2024-02-22,9302,4585.0,4635.0,4570.0,4595.0,0,0,60000.0,276409000.0,1.0,1528.3,1545.0,1523.3,1531.7,180000.0
2024-02-26,9302,4595.0,4630.0,4580.0,4600.0,0,0,58700.0,269846000.0,1.0,1531.7,1543.3,1526.7,1533.3,176100.0
2024-02-27,9302,4580.0,4655.0,4565.0,4640.0,0,0,77500.0,358773500.0,1.0,1526.7,1551.7,1521.7,1546.7,232500.0
2024-02-28,9302,4665.0,4735.0,4660.0,4695.0,0,0,90900.0,426844500.0,1.0,1555.0,1578.3,1553.3,1565.0,272700.0
2024-02-29,9302,4690.0,4735.0,4650.0,4705.0,0,0,75200.0,353162500.0,1.0,1563.3,1578.3,1550.0,1568.3,225600.0
2024-03-01,9302,4680.0,4720.0,4640.0,4715.0,0,0,56500.0,264965500.0,1.0,1560.0,1573.3,1546.7,1571.7,169500.0
2024-03-04,9302,4735.0,4735.0,4655.0,4680.0,0,0,73700.0,345147000.0,1.0,1578.3,1578.3,1551.7,1560.0,221100.0
2024-03-05,9302,4635.0,4675.0,4620.0,4620.0,0,0,46400.0,215275500.0,1.0,1545.0,1558.3,1540.0,1540.0,139200.0
2024-03-06,9302,4605.0,4710.0,4605.0,4650.0,0,0,73200.0,341225000.0,1.0,1535.0,1570.0,1535.0,1550.0,219600.0
2024-03-07,9302,4640.0,4655.0,4580.0,4595.0,0,0,89600.0,413401500.0,1.0,1546.7,1551.7,1526.7,1531.7,268800.0
2024-03-08,9302,4565.0,4635.0,4540.0,4605.0,0,0,89000.0,407708000.0,1.0,1521.7,1545.0,1513.3,1535.0,267000.0
2024-03-11,9302,4585.0,4590.0,4475.0,4530.0,0,0,68000.0,307778500.0,1.0,1528.3,1530.0,1491.7,1510.0,204000.0
2024-03-12,9302,4495.0,4530.0,4455.0,4490.0,0,0,62900.0,282350000.0,1.0,1498.3,1510.0,1485.0,1496.7,188700.0
2024-03-13,9302,4515.0,4545.0,4500.0,4525.0,0,0,39100.0,176719000.0,1.0,1505.0,1515.0,1500.0,1508.3,117300.0
2024-03-14,9302,4510.0,4565.0,4510.0,4565.0,0,0,37800.0,171874000.0,1.0,1503.3,1521.7,1503.3,1521.7,113400.0
2024-03-15,9302,4505.0,4580.0,4505.0,4545.0,0,0,64400.0,292527000.0,1.0,1501.7,1526.7,1501.7,1515.0,193200.0
2024-03-18,9302,4595.0,4605.0,4545.0,4595.0,0,0,65900.0,301847000.0,1.0,1531.7,1535.0,1515.0,1531.7,197700.0
2024-03-19,9302,4600.0,4660.0,4565.0,4635.0,0,0,65300.0,301297500.0,1.0,1533.3,1553.3,1521.7,1545.0,195900.0
2024-03-21,9302,4705.0,4730.0,4635.0,4655.0,0,0,63400.0,295584000.0,1.0,1568.3,1576.7,1545.0,1551.7,190200.0
2024-03-22,9302,4725.0,4735.0,4675.0,4705.0,0,0,63800.0,300019500.0,1.0,1575.0,1578.3,1558.3,1568.3,191400.0
2024-03-25,9302,4730.0,4750.0,4670.0,4680.0,0,0,78300.0,368178000.0,1.0,1576.7,1583.3,1556.7,1560.0,234900.0
2024-03-26,9302,4680.0,4830.0,4650.0,4765.0,0,0,92800.0,442035500.0,1.0,1560.0,1610.0,1550.0,1588.3,278400.0
2024-03-27,9302,4805.0,4860.0,4780.0,4815.0,0,0,104200.0,502287000.0,1.0,1601.7,1620.0,1593.3,1605.0,312600.0
2024-03-28,9302,4740.0,4760.0,4645.0,4665.0,0,0,81600.0,382593500.0,1.0,1580.0,1586.7,1548.3,1555.0,244800.0
2024-03-29,9302,4655.0,4720.0,4650.0,4705.0,0,0,58200.0,273086000.0,1.0,1551.7,1573.3,1550.0,1568.3,174600.0
2024-04-01,9302,4740.0,4765.0,4615.0,4620.0,0,0,49200.0,229069500.0,1.0,1580.0,1588.3,1538.3,1540.0,147600.0
2024-04-02,9302,4640.0,4685.0,4605.0,4625.0,0,0,56300.0,261150500.0,1.0,1546.7,1561.7,1535.0,1541.7,168900.0
2024-04-03,9302,4620.0,4695.0,4605.0,4650.0,0,0,61800.0,287829000.0,1.0,1540.0,1565.0,1535.0,1550.0,185400.0
2024-04-04,9302,4720.0,4720.0,4645.0,4675.0,0,0,60200.0,281647500.0,1.0,1573.3,1573.3,1548.3,1558.3,180600.0
2024-04-05,9302,4610.0,4665.0,4600.0,4640.0,0,0,39100.0,181024000.0,1.0,1536.7,1555.0,1533.3,1546.7,117300.0
2024-04-08,9302,4655.0,4700.0,4630.0,4665.0,0,0,61800.0,288386500.0,1.0,1551.7,1566.7,1543.3,1555.0,185400.0
2024-04-09,9302,4700.0,4735.0,4670.0,4690.0,0,0,52200.0,244962500.0,1.0,1566.7,1578.3,1556.7,1563.3,156600.0
2024-04-10,9302,4680.0,4730.0,4680.0,4725.0,0,0,42100.0,198007500.0,1.0,1560.0,1576.7,1560.0,1575.0,126300.0
2024-04-11,9302,4690.0,4745.0,4655.0,4730.0,0,0,38000.0,178908000.0,1.0,1563.3,1581.7,1551.7,1576.7,114000.0
2024-04-12,9302,4750.0,4750.0,4670.0,4680.0,0,0,53300.0,250972000.0,1.0,1583.3,1583.3,1556.7,1560.0,159900.0
2024-04-15,9302,4645.0,4700.0,4625.0,4695.0,0,0,51200.0,239216500.0,1.0,1548.3,1566.7,1541.7,1565.0,153600.0
2024-04-16,9302,4660.0,4680.0,4550.0,4570.0,0,0,68400.0,313618500.0,1.0,1553.3,1560.0,1516.7,1523.3,205200.0
2024-04-17,9302,4600.0,4600.0,4520.0,4535.0,0,0,58800.0,267627000.0,1.0,1533.3,1533.3,1506.7,1511.7,176400.0
2024-04-18,9302,4540.0,4585.0,4510.0,4560.0,0,0,29000.0,132117500.0,1.0,1513.3,1528.3,1503.3,1520.0,87000.0
2024-04-19,9302,4545.0,4570.0,4475.0,4550.0,0,0,49500.0,224255000.0,1.0,1515.0,1523.3,1491.7,1516.7,148500.0
2024-04-22,9302,4620.0,4680.0,4620.0,4625.0,0,0,52400.0,243371500.0,1.0,1540.0,1560.0,1540.0,1541.7,157200.0
2024-04-23,9302,4670.0,4670.0,4590.0,4620.0,0,0,31100.0,143747000.0,1.0,1556.7,1556.7,1530.0,1540.0,93300.0
2024-04-24,9302,4635.0,4655.0,4630.0,4635.0,0,0,42100.0,195408500.0,1.0,1545.0,1551.7,1543.3,1545.0,126300.0
2024-04-25,9302,4635.0,4635.0,4550.0,4555.0,0,0,44700.0,204412500.0,1.0,1545.0,1545.0,1516.7,1518.3,134100.0
2024-04-26,9302,4555.0,4585.0,4525.0,4575.0,0,0,49400.0,225286500.0,1.0,1518.3,1528.3,1508.3,1525.0,148200.0
2024-04-30,9302,4620.0,4655.0,4575.0,4650.0,0,0,70900.0,328149500.0,1.0,1540.0,1551.7,1525.0,1550.0,212700.0
2024-05-01,9302,4640.0,4640.0,4570.0,4610.0,0,0,56500.0,260058000.0,1.0,1546.7,1546.7,1523.3,1536.7,169500.0
2024-05-02,9302,4630.0,4630.0,4565.0,4585.0,0,0,41400.0,189914000.0,1.0,1543.3,1543.3,1521.7,1528.3,124200.0
2024-05-07,9302,4625.0,4625.0,4575.0,4590.0,0,0,62300.0,285997500.0,1.0,1541.7,1541.7,1525.0,1530.0,186900.0
2024-05-08,9302,4580.0,4615.0,4560.0,4565.0,0,0,48200.0,220748000.0,1.0,1526.7,1538.3,1520.0,1521.7,144600.0
2024-05-09,9302,4565.0,4615.0,4535.0,4570.0,0,0,49300.0,225484500.0,1.0,1521.7,1538.3,1511.7,1523.3,147900.0
2024-05-10,9302,4600.0,4665.0,4560.0,4605.0,0,0,70700.0,324553000.0,1.0,1533.3,1555.0,1520.0,1535.0,212100.0
2024-05-13,9302,4420.0,4420.0,4290.0,4360.0,0,0,250300.0,1085449000.0,1.0,1473.3,1473.3,1430.0,1453.3,750900.0
2024-05-14,9302,4375.0,4445.0,4360.0,4380.0,0,0,97200.0,426606000.0,1.0,1458.3,1481.7,1453.3,1460.0,291600.0
2024-05-15,9302,4415.0,4425.0,4335.0,4345.0,0,0,44600.0,194963000.0,1.0,1471.7,1475.0,1445.0,1448.3,133800.0
2024-05-16,9302,4340.0,4345.0,4225.0,4260.0,0,0,82500.0,352106500.0,1.0,1446.7,1448.3,1408.3,1420.0,247500.0
2024-05-17,9302,4245.0,4285.0,4230.0,4240.0,0,0,55600.0,236342000.0,1.0,1415.0,1428.3,1410.0,1413.3,166800.0
2024-05-20,9302,4250.0,4280.0,4240.0,4275.0,0,0,40600.0,173066500.0,1.0,1416.7,1426.7,1413.3,1425.0,121800.0
2024-05-21,9302,4285.0,4315.0,4260.0,4285.0,0,0,53900.0,230930000.0,1.0,1428.3,1438.3,1420.0,1428.3,161700.0
2024-05-22,9302,4280.0,4285.0,4210.0,4215.0,0,0,77700.0,329115000.0,1.0,1426.7,1428.3,1403.3,1405.0,233100.0
2024-05-23,9302,4210.0,4225.0,4175.0,4180.0,0,0,69800.0,292743500.0,1.0,1403.3,1408.3,1391.7,1393.3,209400.0
2024-05-24,9302,4170.0,4205.0,4160.0,4190.0,0,0,59100.0,247039500.0,1.0,1390.0,1401.7,1386.7,1396.7,177300.0
2024-05-27,9302,4205.0,4275.0,4195.0,4235.0,0,0,52100.0,220694000.0,1.0,1401.7,1425.0,1398.3,1411.7,156300.0
2024-05-28,9302,4265.0,4280.0,4235.0,4235.0,0,0,36000.0,152995000.0,1.0,1421.7,1426.7,1411.7,1411.7,108000.0
2024-05-29,9302,4235.0,4235.0,4170.0,4185.0,0,0,63000.0,264162500.0,1.0,1411.7,1411.7,1390.0,1395.0,189000.0
2024-05-30,9302,4155.0,4190.0,4135.0,4160.0,0,0,59900.0,249186500.0,1.0,1385.0,1396.7,1378.3,1386.7,179700.0
2024-05-31,9302,4200.0,4330.0,4195.0,4320.0,0,0,135900.0,583394500.0,1.0,1400.0,1443.3,1398.3,1440.0,407700.0
2024-06-03,9302,4330.0,4390.0,4325.0,4390.0,0,0,55400.0,241970000.0,1.0,1443.3,1463.3,1441.7,1463.3,166200.0
2024-06-04,9302,4380.0,4395.0,4365.0,4380.0,0,0,43700.0,191381000.0,1.0,1460.0,1465.0,1455.0,1460.0,131100.0
2024-06-05,9302,4370.0,4415.0,4335.0,4375.0,0,0,61300.0,268572000.0,1.0,1456.7,1471.7,1445.0,1458.3,183900.0
2024-06-06,9302,4415.0,4435.0,4355.0,4420.0,0,0,49400.0,217880500.0,1.0,1471.7,1478.3,1451.7,1473.3,148200.0
2024-06-07,9302,4430.0,4455.0,4395.0,4425.0,0,0,42700.0,188923000.0,1.0,1476.7,1485.0,1465.0,1475.0,128100.0
2024-06-10,9302,4425.0,4475.0,4405.0,4470.0,0,0,52000.0,231497500.0,1.0,1475.0,1491.7,1468.3,1490.0,156000.0
2024-06-11,9302,4495.0,4535.0,4470.0,4480.0,0,0,43500.0,195615000.0,1.0,1498.3,1511.7,1490.0,1493.3,130500.0
2024-06-12,9302,4490.0,4510.0,4445.0,4470.0,0,0,69500.0,311106500.0,1.0,1496.7,1503.3,1481.7,1490.0,208500.0
2024-06-13,9302,4465.0,4465.0,4385.0,4435.0,0,0,61200.0,270998000.0,1.0,1488.3,1488.3,1461.7,1478.3,183600.0
2024-06-14,9302,4435.0,4520.0,4405.0,4515.0,0,0,85700.0,383323500.0,1.0,1478.3,1506.7,1468.3,1505.0,257100.0
2024-06-17,9302,4470.0,4505.0,4420.0,4485.0,0,0,77500.0,346784500.0,1.0,1490.0,1501.7,1473.3,1495.0,232500.0
2024-06-18,9302,4455.0,4505.0,4445.0,4465.0,0,0,51500.0,230207000.0,1.0,1485.0,1501.7,1481.7,1488.3,154500.0
2024-06-19,9302,4500.0,4575.0,4495.0,4570.0,0,0,61400.0,279276500.0,1.0,1500.0,1525.0,1498.3,1523.3,184200.0
2024-06-20,9302,4575.0,4650.0,4565.0,4650.0,0,0,85500.0,395112000.0,1.0,1525.0,1550.0,1521.7,1550.0,256500.0
2024-06-21,9302,4670.0,4760.0,4635.0,4655.0,0,0,218100.0,1022597000.0,1.0,1556.7,1586.7,1545.0,1551.7,654300.0
2024-06-24,9302,4660.0,4740.0,4630.0,4725.0,0,0,116500.0,545837000.0,1.0,1553.3,1580.0,1543.3,1575.0,349500.0
2024-06-25,9302,4750.0,4790.0,4730.0,4760.0,0,0,111200.0,529587500.0,1.0,1583.3,1596.7,1576.7,1586.7,333600.0
2024-06-26,9302,4760.0,4785.0,4670.0,4725.0,0,0,104600.0,493785500.0,1.0,1586.7,1595.0,1556.7,1575.0,313800.0
2024-06-27,9302,4725.0,4815.0,4705.0,4810.0,0,0,81300.0,389799000.0,1.0,1575.0,1605.0,1568.3,1603.3,243900.0
2024-06-28,9302,4825.0,4865.0,4765.0,4775.0,0,0,73200.0,350184000.0,1.0,1608.3,1621.7,1588.3,1591.7,219600.0
2024-07-01,9302,4785.0,4835.0,4770.0,4770.0,0,0,67400.0,323211500.0,1.0,1595.0,1611.7,1590.0,1590.0,202200.0
2024-07-02,9302,4800.0,4835.0,4770.0,4790.0,0,0,71100.0,341398000.0,1.0,1600.0,1611.7,1590.0,1596.7,213300.0
2024-07-03,9302,4780.0,4810.0,4720.0,4805.0,0,0,60900.0,290898000.0,1.0,1593.3,1603.3,1573.3,1601.7,182700.0
2024-07-04,9302,4820.0,4820.0,4750.0,4775.0,0,0,44200.0,211052500.0,1.0,1606.7,1606.7,1583.3,1591.7,132600.0
2024-07-05,9302,4775.0,4775.0,4715.0,4715.0,0,0,33400.0,158089500.0,1.0,1591.7,1591.7,1571.7,1571.7,100200.0
2024-07-08,9302,4715.0,4730.0,4640.0,4675.0,0,0,76700.0,358266500.0,1.0,1571.7,1576.7,1546.7,1558.3,230100.0
2024-07-09,9302,4710.0,4830.0,4705.0,4795.0,0,0,73600.0,351253000.0,1.0,1570.0,1610.0,1568.3,1598.3,220800.0
2024-07-10,9302,4780.0,4805.0,4675.0,4745.0,0,0,81800.0,387806500.0,1.0,1593.3,1601.7,1558.3,1581.7,245400.0
2024-07-11,9302,4780.0,4810.0,4730.0,4805.0,0,0,59800.0,286186500.0,1.0,1593.3,1603.3,1576.7,1601.7,179400.0
2024-07-12,9302,4765.0,4815.0,4750.0,4765.0,0,0,55100.0,263780000.0,1.0,1588.3,1605.0,1583.3,1588.3,165300.0
2024-07-16,9302,4785.0,4795.0,4720.0,4770.0,0,0,59300.0,282454000.0,1.0,1595.0,1598.3,1573.3,1590.0,177900.0
2024-07-17,9302,4810.0,4895.0,4805.0,4870.0,0,0,48000.0,233388000.0,1.0,1603.3,1631.7,1601.7,1623.3,144000.0
2024-07-18,9302,4840.0,4965.0,4840.0,4905.0,0,0,74200.0,364913500.0,1.0,1613.3,1655.0,1613.3,1635.0,222600.0
2024-07-19,9302,4920.0,4960.0,4875.0,4910.0,0,0,59200.0,290896000.0,1.0,1640.0,1653.3,1625.0,1636.7,177600.0
2024-07-22,9302,4870.0,4870.0,4745.0,4780.0,0,0,74100.0,354985500.0,1.0,1623.3,1623.3,1581.7,1593.3,222300.0
2024-07-23,9302,4795.0,4825.0,4775.0,4810.0,0,0,55200.0,265179000.0,1.0,1598.3,1608.3,1591.7,1603.3,165600.0
2024-07-24,9302,4845.0,4845.0,4705.0,4715.0,0,0,50900.0,241388500.0,1.0,1615.0,1615.0,1568.3,1571.7,152700.0
2024-07-25,9302,4700.0,4745.0,4675.0,4675.0,0,0,59900.0,281313000.0,1.0,1566.7,1581.7,1558.3,1558.3,179700.0
2024-07-26,9302,4725.0,4760.0,4675.0,4710.0,0,0,47700.0,225180500.0,1.0,1575.0,1586.7,1558.3,1570.0,143100.0
2024-07-29,9302,4780.0,4830.0,4750.0,4750.0,0,0,63400.0,302860000.0,1.0,1593.3,1610.0,1583.3,1583.3,190200.0
2024-07-30,9302,4760.0,4770.0,4685.0,4730.0,0,0,53300.0,251699500.0,1.0,1586.7,1590.0,1561.7,1576.7,159900.0
2024-07-31,9302,4755.0,4830.0,4725.0,4820.0,0,0,45300.0,217227000.0,1.0,1585.0,1610.0,1575.0,1606.7,135900.0
2024-08-01,9302,4820.0,4820.0,4720.0,4775.0,0,0,71800.0,341623500.0,1.0,1606.7,1606.7,1573.3,1591.7,215400.0
2024-08-02,9302,4635.0,4750.0,4625.0,4670.0,0,0,203400.0,949830500.0,1.0,1545.0,1583.3,1541.7,1556.7,610200.0
2024-08-05,9302,4740.0,4915.0,4530.0,4560.0,0,0,462300.0,2208841000.0,1.0,1580.0,1638.3,1510.0,1520.0,1386900.0
2024-08-06,9302,4810.0,5060.0,4770.0,5030.0,0,0,207700.0,1027673500.0,1.0,1603.3,1686.7,1590.0,1676.7,623100.0
2024-08-07,9302,4930.0,5160.0,4875.0,5080.0,0,0,148700.0,752379000.0,1.0,1643.3,1720.0,1625.0,1693.3,446100.0
2024-08-08,9302,4990.0,5060.0,4970.0,5020.0,0,0,125400.0,629005500.0,1.0,1663.3,1686.7,1656.7,1673.3,376200.0
2024-08-09,9302,5130.0,5240.0,5050.0,5130.0,0,0,160600.0,827153000.0,1.0,1710.0,1746.7,1683.3,1710.0,481800.0
2024-08-13,9302,5090.0,5140.0,4975.0,5100.0,0,0,92500.0,469322000.0,1.0,1696.7,1713.3,1658.3,1700.0,277500.0
2024-08-14,9302,5100.0,5120.0,5030.0,5100.0,0,0,61900.0,314583000.0,1.0,1700.0,1706.7,1676.7,1700.0,185700.0
2024-08-15,9302,5080.0,5130.0,5020.0,5110.0,0,0,70800.0,360568000.0,1.0,1693.3,1710.0,1673.3,1703.3,212400.0
2024-08-16,9302,5110.0,5190.0,5090.0,5190.0,0,0,89900.0,462991000.0,1.0,1703.3,1730.0,1696.7,1730.0,269700.0
2024-08-19,9302,5190.0,5190.0,5140.0,5140.0,0,0,52800.0,272602000.0,1.0,1730.0,1730.0,1713.3,1713.3,158400.0
2024-08-20,9302,5210.0,5240.0,5180.0,5230.0,0,0,59300.0,309320000.0,1.0,1736.7,1746.7,1726.7,1743.3,177900.0
2024-08-21,9302,5240.0,5370.0,5240.0,5360.0,0,0,97600.0,518369000.0,1.0,1746.7,1790.0,1746.7,1786.7,292800.0
2024-08-22,9302,5440.0,5550.0,5430.0,5540.0,0,0,117300.0,645324000.0,1.0,1813.3,1850.0,1810.0,1846.7,351900.0
2024-08-23,9302,5630.0,5660.0,5570.0,5610.0,0,0,100600.0,564965000.0,1.0,1876.7,1886.7,1856.7,1870.0,301800.0
2024-08-26,9302,5610.0,5640.0,5480.0,5580.0,0,0,127000.0,706899000.0,1.0,1870.0,1880.0,1826.7,1860.0,381000.0
2024-08-27,9302,5570.0,5710.0,5560.0,5680.0,0,0,53000.0,300266000.0,1.0,1856.7,1903.3,1853.3,1893.3,159000.0
2024-08-28,9302,5660.0,5720.0,5650.0,5700.0,0,0,59600.0,339238000.0,1.0,1886.7,1906.7,1883.3,1900.0,178800.0
2024-08-29,9302,5690.0,5760.0,5650.0,5700.0,0,0,61500.0,350447000.0,1.0,1896.7,1920.0,1883.3,1900.0,184500.0
2024-08-30,9302,5680.0,5700.0,5600.0,5630.0,0,0,81800.0,461259000.0,1.0,1893.3,1900.0,1866.7,1876.7,245400.0
2024-09-02,9302,5650.0,5650.0,5590.0,5630.0,0,0,61700.0,346922000.0,1.0,1883.3,1883.3,1863.3,1876.7,185100.0
2024-09-03,9302,5630.0,5700.0,5630.0,5670.0,0,0,33200.0,188077000.0,1.0,1876.7,1900.0,1876.7,1890.0,99600.0
2024-09-04,9302,5630.0,5700.0,5610.0,5640.0,0,0,65900.0,372130000.0,1.0,1876.7,1900.0,1870.0,1880.0,197700.0
2024-09-05,9302,5640.0,5740.0,5570.0,5710.0,0,0,56800.0,322977000.0,1.0,1880.0,1913.3,1856.7,1903.3,170400.0
2024-09-06,9302,5710.0,5730.0,5680.0,5700.0,0,0,35100.0,200067000.0,1.0,1903.3,1910.0,1893.3,1900.0,105300.0
2024-09-09,9302,5640.0,5770.0,5600.0,5760.0,0,0,94100.0,538139000.0,1.0,1880.0,1923.3,1866.7,1920.0,282300.0
2024-09-10,9302,5780.0,5920.0,5780.0,5900.0,0,0,93000.0,545557000.0,1.0,1926.7,1973.3,1926.7,1966.7,279000.0
2024-09-11,9302,5900.0,5930.0,5840.0,5920.0,0,0,103600.0,610099000.0,1.0,1966.7,1976.7,1946.7,1973.3,310800.0
2024-09-12,9302,5990.0,6000.0,5870.0,5900.0,0,0,97200.0,576306000.0,1.0,1996.7,2000.0,1956.7,1966.7,291600.0
2024-09-13,9302,5870.0,5900.0,5810.0,5880.0,0,0,66000.0,386923000.0,1.0,1956.7,1966.7,1936.7,1960.0,198000.0
2024-09-17,9302,5900.0,6010.0,5900.0,5990.0,0,0,68700.0,409998000.0,1.0,1966.7,2003.3,1966.7,1996.7,206100.0
2024-09-18,9302,6010.0,6060.0,5960.0,6020.0,0,0,85500.0,514298000.0,1.0,2003.3,2020.0,1986.7,2006.7,256500.0
2024-09-19,9302,6070.0,6140.0,6020.0,6120.0,0,0,91800.0,558924000.0,1.0,2023.3,2046.7,2006.7,2040.0,275400.0
2024-09-20,9302,6180.0,6200.0,6060.0,6130.0,0,0,109100.0,669404000.0,1.0,2060.0,2066.7,2020.0,2043.3,327300.0
2024-09-24,9302,6170.0,6230.0,6150.0,6180.0,0,0,96200.0,595147000.0,1.0,2056.7,2076.7,2050.0,2060.0,288600.0
2024-09-25,9302,6180.0,6200.0,6100.0,6160.0,0,0,122100.0,751185000.0,1.0,2060.0,2066.7,2033.3,2053.3,366300.0
2024-09-26,9302,6170.0,6240.0,6110.0,6230.0,0,0,94600.0,585221000.0,1.0,2056.7,2080.0,2036.7,2076.7,283800.0
2024-09-27,9302,6200.0,6270.0,6170.0,6220.0,0,0,82000.0,510233000.0,1.0,2066.7,2090.0,2056.7,2073.3,246000.0
2024-09-30,9302,6090.0,6270.0,6080.0,6210.0,0,0,88900.0,551466000.0,1.0,2030.0,2090.0,2026.7,2070.0,266700.0
2024-10-01,9302,6110.0,6390.0,6070.0,6370.0,0,0,148600.0,924149000.0,1.0,2036.7,2130.0,2023.3,2123.3,445800.0
2024-10-02,9302,6380.0,6450.0,6370.0,6410.0,0,0,114900.0,736216000.0,1.0,2126.7,2150.0,2123.3,2136.7,344700.0
2024-10-03,9302,6500.0,6530.0,6480.0,6500.0,0,0,94600.0,615147000.0,1.0,2166.7,2176.7,2160.0,2166.7,283800.0
2024-10-04,9302,6460.0,6500.0,6440.0,6450.0,0,0,103800.0,670527000.0,1.0,2153.3,2166.7,2146.7,2150.0,311400.0
2024-10-07,9302,6500.0,6550.0,6470.0,6550.0,0,0,86200.0,562410000.0,1.0,2166.7,2183.3,2156.7,2183.3,258600.0
2024-10-08,9302,6560.0,6670.0,6550.0,6650.0,0,0,119200.0,790947000.0,1.0,2186.7,2223.3,2183.3,2216.7,357600.0
2024-10-09,9302,6750.0,6770.0,6730.0,6730.0,0,0,164500.0,1109736000.0,1.0,2250.0,2256.7,2243.3,2243.3,493500.0
2024-10-10,9302,6730.0,6750.0,6640.0,6680.0,0,0,177000.0,1185625000.0,1.0,2243.3,2250.0,2213.3,2226.7,531000.0
2024-10-11,9302,6670.0,6760.0,6660.0,6750.0,0,0,80000.0,537239000.0,1.0,2223.3,2253.3,2220.0,2250.0,240000.0
2024-10-15,9302,6750.0,6890.0,6750.0,6850.0,0,0,127200.0,869812000.0,1.0,2250.0,2296.7,2250.0,2283.3,381600.0
2024-10-16,9302,6880.0,6950.0,6850.0,6890.0,0,0,90900.0,626388000.0,1.0,2293.3,2316.7,2283.3,2296.7,272700.0
2024-10-17,9302,6980.0,7010.0,6840.0,6920.0,0,0,116100.0,802851000.0,1.0,2326.7,2336.7,2280.0,2306.7,348300.0
2024-10-18,9302,6950.0,6990.0,6690.0,6840.0,0,0,177800.0,1214670000.0,1.0,2316.7,2330.0,2230.0,2280.0,533400.0
2024-10-21,9302,6820.0,6950.0,6650.0,6860.0,0,0,156400.0,1068293000.0,1.0,2273.3,2316.7,2216.7,2286.7,469200.0
2024-10-22,9302,6870.0,6940.0,6580.0,6690.0,0,0,215900.0,1448368000.0,1.0,2290.0,2313.3,2193.3,2230.0,647700.0
2024-10-23,9302,6630.0,6670.0,6510.0,6580.0,0,0,145500.0,959213000.0,1.0,2210.0,2223.3,2170.0,2193.3,436500.0
2024-10-24,9302,6550.0,6870.0,6520.0,6840.0,0,0,183100.0,1241301000.0,1.0,2183.3,2290.0,2173.3,2280.0,549300.0
2024-10-25,9302,6880.0,6930.0,6790.0,6860.0,0,0,129200.0,884818000.0,1.0,2293.3,2310.0,2263.3,2286.7,387600.0
2024-10-28,9302,6950.0,7000.0,6910.0,6950.0,0,0,120500.0,837338000.0,1.0,2316.7,2333.3,2303.3,2316.7,361500.0
2024-10-29,9302,6980.0,7050.0,6940.0,7030.0,0,0,90900.0,636259000.0,1.0,2326.7,2350.0,2313.3,2343.3,272700.0
2024-10-30,9302,7090.0,7100.0,7020.0,7040.0,0,0,254200.0,1791748000.0,1.0,2363.3,2366.7,2340.0,2346.7,762600.0
2024-10-31,9302,7060.0,7100.0,6980.0,7100.0,0,0,101600.0,717153000.0,1.0,2353.3,2366.7,2326.7,2366.7,304800.0
2024-11-01,9302,7100.0,7120.0,6980.0,7000.0,0,0,100000.0,703781000.0,1.0,2366.7,2373.3,2326.7,2333.3,300000.0
2024-11-05,9302,7000.0,7020.0,6790.0,6950.0,0,0,105100.0,726437000.0,1.0,2333.3,2340.0,2263.3,2316.7,315300.0
2024-11-06,9302,6950.0,7000.0,6930.0,6950.0,0,0,92300.0,642932000.0,1.0,2316.7,2333.3,2310.0,2316.7,276900.0
2024-11-07,9302,7000.0,7090.0,6960.0,7080.0,0,0,90300.0,635279000.0,1.0,2333.3,2363.3,2320.0,2360.0,270900.0
2024-11-08,9302,7070.0,7130.0,6990.0,6990.0,0,0,101500.0,714966000.0,1.0,2356.7,2376.7,2330.0,2330.0,304500.0
2024-11-11,9302,7240.0,7970.0,7150.0,7910.0,0,0,360300.0,2808873000.0,1.0,2413.3,2656.7,2383.3,2636.7,1080900.0
2024-11-12,9302,7940.0,8040.0,7740.0,7880.0,0,0,166500.0,1309109000.0,1.0,2646.7,2680.0,2580.0,2626.7,499500.0
2024-11-13,9302,7890.0,8000.0,7850.0,7910.0,0,0,91300.0,721814000.0,1.0,2630.0,2666.7,2616.7,2636.7,273900.0
2024-11-14,9302,7960.0,7960.0,7790.0,7830.0,0,0,88000.0,691270000.0,1.0,2653.3,2653.3,2596.7,2610.0,264000.0
2024-11-15,9302,7870.0,7980.0,7820.0,7820.0,0,0,75800.0,597339000.0,1.0,2623.3,2660.0,2606.7,2606.7,227400.0
2024-11-18,9302,7830.0,7940.0,7730.0,7770.0,0,0,62800.0,490502000.0,1.0,2610.0,2646.7,2576.7,2590.0,188400.0
2024-11-19,9302,7740.0,7760.0,7610.0,7620.0,0,0,84500.0,646296000.0,1.0,2580.0,2586.7,2536.7,2540.0,253500.0
2024-11-20,9302,7620.0,7680.0,7470.0,7500.0,0,0,76300.0,574772000.0,1.0,2540.0,2560.0,2490.0,2500.0,228900.0
2024-11-21,9302,7500.0,7540.0,7330.0,7360.0,0,0,102000.0,754185000.0,1.0,2500.0,2513.3,2443.3,2453.3,306000.0
2024-11-22,9302,7340.0,7770.0,7310.0,7680.0,0,0,161900.0,1232698000.0,1.0,2446.7,2590.0,2436.7,2560.0,485700.0
2024-11-25,9302,7700.0,7720.0,7510.0,7580.0,0,0,112600.0,854623000.0,1.0,2566.7,2573.3,2503.3,2526.7,337800.0
2024-11-26,9302,7490.0,7650.0,7470.0,7560.0,0,0,58000.0,439263000.0,1.0,2496.7,2550.0,2490.0,2520.0,174000.0
2024-11-27,9302,7540.0,7670.0,7410.0,7440.0,0,0,72700.0,547421000.0,1.0,2513.3,2556.7,2470.0,2480.0,218100.0
2024-11-28,9302,7380.0,7560.0,7380.0,7560.0,0,0,56300.0,421717000.0,1.0,2460.0,2520.0,2460.0,2520.0,168900.0
2024-11-29,9302,7590.0,7630.0,7540.0,7590.0,0,0,36300.0,275657000.0,1.0,2530.0,2543.3,2513.3,2530.0,108900.0
2024-12-02,9302,7480.0,7550.0,7470.0,7510.0,0,0,53300.0,399736000.0,1.0,2493.3,2516.7,2490.0,2503.3,159900.0
2024-12-03,9302,7480.0,7760.0,7480.0,7710.0,0,0,82300.0,631994000.0,1.0,2493.3,2586.7,2493.3,2570.0,246900.0
2024-12-04,9302,7850.0,7900.0,7640.0,7650.0,0,0,64500.0,497116000.0,1.0,2616.7,2633.3,2546.7,2550.0,193500.0
2024-12-05,9302,7650.0,7730.0,7580.0,7700.0,0,0,64600.0,495900000.0,1.0,2550.0,2576.7,2526.7,2566.7,193800.0
2024-12-06,9302,7910.0,7930.0,7550.0,7550.0,0,0,90900.0,700815000.0,1.0,2636.7,2643.3,2516.7,2516.7,272700.0
2024-12-09,9302,7550.0,7610.0,7400.0,7520.0,0,0,83000.0,622321000.0,1.0,2516.7,2536.7,2466.7,2506.7,249000.0
2024-12-10,9302,7510.0,7550.0,7280.0,7370.0,0,0,93000.0,684215000.0,1.0,2503.3,2516.7,2426.7,2456.7,279000.0
2024-12-11,9302,7360.0,7420.0,7290.0,7330.0,0,0,83200.0,611758000.0,1.0,2453.3,2473.3,2430.0,2443.3,249600.0
2024-12-12,9302,7390.0,7490.0,7350.0,7370.0,0,0,66100.0,489370000.0,1.0,2463.3,2496.7,2450.0,2456.7,198300.0
2024-12-13,9302,7370.0,7440.0,7350.0,7390.0,0,0,56500.0,417512000.0,1.0,2456.7,2480.0,2450.0,2463.3,169500.0
2024-12-16,9302,7380.0,7440.0,7290.0,7290.0,0,0,44200.0,324408000.0,1.0,2460.0,2480.0,2430.0,2430.0,132600.0
2024-12-17,9302,7250.0,7380.0,7200.0,7280.0,0,0,60300.0,440620000.0,1.0,2416.7,2460.0,2400.0,2426.7,180900.0
2024-12-18,9302,7350.0,7350.0,7250.0,7250.0,0,0,32400.0,236323000.0,1.0,2450.0,2450.0,2416.7,2416.7,97200.0
2024-12-19,9302,7200.0,7360.0,7180.0,7340.0,0,0,48300.0,352516000.0,1.0,2400.0,2453.3,2393.3,2446.7,144900.0
2024-12-20,9302,7390.0,7400.0,7280.0,7330.0,0,0,78000.0,571279000.0,1.0,2463.3,2466.7,2426.7,2443.3,234000.0
2024-12-23,9302,7290.0,7380.0,7290.0,7350.0,0,0,39100.0,287055000.0,1.0,2430.0,2460.0,2430.0,2450.0,117300.0
2024-12-24,9302,7340.0,7370.0,7290.0,7370.0,0,0,45200.0,331960000.0,1.0,2446.7,2456.7,2430.0,2456.7,135600.0
2024-12-25,9302,7390.0,7430.0,7310.0,7430.0,0,0,68700.0,505844000.0,1.0,2463.3,2476.7,2436.7,2476.7,206100.0
2024-12-26,9302,7480.0,7510.0,7380.0,7420.0,0,0,71100.0,528520000.0,1.0,2493.3,2503.3,2460.0,2473.3,213300.0
2024-12-27,9302,7450.0,7550.0,7400.0,7510.0,0,0,63500.0,476389000.0,1.0,2483.3,2516.7,2466.7,2503.3,190500.0
2024-12-30,9302,7550.0,7550.0,7350.0,7420.0,0,0,53000.0,392689000.0,1.0,2516.7,2516.7,2450.0,2473.3,159000.0
2025-01-06,9302,7470.0,7470.0,7320.0,7330.0,0,0,62200.0,457298000.0,1.0,2490.0,2490.0,2440.0,2443.3,186600.0
2025-01-07,9302,7330.0,7360.0,7160.0,7220.0,0,0,110600.0,802968000.0,1.0,2443.3,2453.3,2386.7,2406.7,331800.0
2025-01-08,9302,7170.0,7260.0,7140.0,7240.0,0,0,96900.0,698255000.0,1.0,2390.0,2420.0,2380.0,2413.3,290700.0
2025-01-09,9302,7270.0,7380.0,7270.0,7340.0,0,0,90600.0,663802000.0,1.0,2423.3,2460.0,2423.3,2446.7,271800.0
2025-01-10,9302,7310.0,7360.0,7120.0,7250.0,0,0,66800.0,483351000.0,1.0,2436.7,2453.3,2373.3,2416.7,200400.0
2025-01-14,9302,7230.0,7300.0,7160.0,7190.0,0,0,80000.0,576951000.0,1.0,2410.0,2433.3,2386.7,2396.7,240000.0
2025-01-15,9302,7190.0,7270.0,7190.0,7220.0,0,0,47400.0,342246000.0,1.0,2396.7,2423.3,2396.7,2406.7,142200.0
2025-01-16,9302,7190.0,7260.0,7190.0,7220.0,0,0,49400.0,357235000.0,1.0,2396.7,2420.0,2396.7,2406.7,148200.0
2025-01-17,9302,7220.0,7240.0,7140.0,7220.0,0,0,68000.0,488902000.0,1.0,2406.7,2413.3,2380.0,2406.7,204000.0
2025-01-20,9302,7230.0,7280.0,7210.0,7240.0,0,0,47300.0,342366000.0,1.0,2410.0,2426.7,2403.3,2413.3,141900.0
2025-01-21,9302,7260.0,7330.0,7260.0,7290.0,0,0,45100.0,329184000.0,1.0,2420.0,2443.3,2420.0,2430.0,135300.0
2025-01-22,9302,7360.0,7400.0,7330.0,7350.0,0,0,50500.0,371780000.0,1.0,2453.3,2466.7,2443.3,2450.0,151500.0
2025-01-23,9302,7280.0,7370.0,7280.0,7300.0,0,0,59800.0,436591000.0,1.0,2426.7,2456.7,2426.7,2433.3,179400.0
2025-01-24,9302,7350.0,7430.0,7330.0,7380.0,0,0,51600.0,381003000.0,1.0,2450.0,2476.7,2443.3,2460.0,154800.0
2025-01-27,9302,7450.0,7500.0,7400.0,7500.0,0,0,56800.0,423657000.0,1.0,2483.3,2500.0,2466.7,2500.0,170400.0
2025-01-28,9302,7500.0,7580.0,7470.0,7560.0,0,0,63400.0,477241000.0,1.0,2500.0,2526.7,2490.0,2520.0,190200.0
2025-01-29,9302,7600.0,7700.0,7570.0,7680.0,0,0,69200.0,529813000.0,1.0,2533.3,2566.7,2523.3,2560.0,207600.0
2025-01-30,9302,7610.0,7730.0,7570.0,7700.0,0,0,61700.0,472627000.0,1.0,2536.7,2576.7,2523.3,2566.7,185100.0
2025-01-31,9302,7730.0,7740.0,7650.0,7700.0,0,0,73600.0,566445000.0,1.0,2576.7,2580.0,2550.0,2566.7,220800.0
2025-02-03,9302,7700.0,7740.0,7420.0,7450.0,0,0,105200.0,793976000.0,1.0,2566.7,2580.0,2473.3,2483.3,315600.0
2025-02-04,9302,7520.0,7610.0,7400.0,7400.0,0,0,66900.0,500460000.0,1.0,2506.7,2536.7,2466.7,2466.7,200700.0
2025-02-05,9302,7450.0,7510.0,7380.0,7420.0,0,0,72300.0,538139000.0,1.0,2483.3,2503.3,2460.0,2473.3,216900.0
2025-02-06,9302,7500.0,7630.0,7500.0,7630.0,0,0,90300.0,684769000.0,1.0,2500.0,2543.3,2500.0,2543.3,270900.0
2025-02-07,9302,7400.0,7760.0,7390.0,7750.0,0,0,103700.0,796067000.0,1.0,2466.7,2586.7,2463.3,2583.3,311100.0
2025-02-10,9302,7790.0,7810.0,7640.0,7660.0,0,0,41800.0,321450000.0,1.0,2596.7,2603.3,2546.7,2553.3,125400.0
2025-02-12,9302,7740.0,7740.0,7500.0,7520.0,0,0,55300.0,419460000.0,1.0,2580.0,2580.0,2500.0,2506.7,165900.0
2025-02-13,9302,7620.0,7630.0,7480.0,7630.0,0,0,41500.0,314825000.0,1.0,2540.0,2543.3,2493.3,2543.3,124500.0
2025-02-14,9302,7650.0,7650.0,7530.0,7570.0,0,0,36500.0,276429000.0,1.0,2550.0,2550.0,2510.0,2523.3,109500.0
2025-02-17,9302,7590.0,7740.0,7570.0,7740.0,0,0,46800.0,360018000.0,1.0,2530.0,2580.0,2523.3,2580.0,140400.0
2025-02-18,9302,7700.0,7730.0,7610.0,7610.0,0,0,39500.0,302398000.0,1.0,2566.7,2576.7,2536.7,2536.7,118500.0
2025-02-19,9302,7690.0,7690.0,7530.0,7550.0,0,0,48500.0,367139000.0,1.0,2563.3,2563.3,2510.0,2516.7,145500.0
2025-02-20,9302,7480.0,7480.0,7400.0,7440.0,0,0,46000.0,342078000.0,1.0,2493.3,2493.3,2466.7,2480.0,138000.0
2025-02-21,9302,7410.0,7450.0,7310.0,7370.0,0,0,60700.0,447415000.0,1.0,2470.0,2483.3,2436.7,2456.7,182100.0
2025-02-25,9302,7360.0,7520.0,7320.0,7500.0,0,0,43200.0,321542000.0,1.0,2453.3,2506.7,2440.0,2500.0,129600.0
2025-02-26,9302,7430.0,7530.0,7430.0,7530.0,0,0,42500.0,318512000.0,1.0,2476.7,2510.0,2476.7,2510.0,127500.0
2025-02-27,9302,7590.0,7750.0,7560.0,7750.0,0,0,59100.0,455032000.0,1.0,2530.0,2583.3,2520.0,2583.3,177300.0
2025-02-28,9302,7750.0,7780.0,7650.0,7780.0,0,0,68300.0,529326000.0,1.0,2583.3,2593.3,2550.0,2593.3,204900.0
2025-03-03,9302,7830.0,7870.0,7770.0,7790.0,0,0,40000.0,312404000.0,1.0,2610.0,2623.3,2590.0,2596.7,120000.0
2025-03-04,9302,7840.0,7890.0,7790.0,7890.0,0,0,44600.0,350667000.0,1.0,2613.3,2630.0,2596.7,2630.0,133800.0
2025-03-05,9302,7830.0,7870.0,7780.0,7830.0,0,0,60600.0,473689000.0,1.0,2610.0,2623.3,2593.3,2610.0,181800.0
2025-03-06,9302,7880.0,7900.0,7800.0,7880.0,0,0,35900.0,282124000.0,1.0,2626.7,2633.3,2600.0,2626.7,107700.0
2025-03-07,9302,7820.0,7840.0,7760.0,7840.0,0,0,39700.0,310360000.0,1.0,2606.7,2613.3,2586.7,2613.3,119100.0
2025-03-10,9302,7810.0,7830.0,7770.0,7820.0,0,0,37500.0,292741000.0,1.0,2603.3,2610.0,2590.0,2606.7,112500.0
2025-03-11,9302,7800.0,8020.0,7670.0,8000.0,0,0,100300.0,791991000.0,1.0,2600.0,2673.3,2556.7,2666.7,300900.0
2025-03-12,9302,8150.0,8230.0,7810.0,7840.0,0,0,124800.0,990897000.0,1.0,2716.7,2743.3,2603.3,2613.3,374400.0
2025-03-13,9302,7810.0,7950.0,7810.0,7910.0,0,0,74800.0,589691000.0,1.0,2603.3,2650.0,2603.3,2636.7,224400.0
2025-03-14,9302,7910.0,8030.0,7840.0,7980.0,0,0,53600.0,426505000.0,1.0,2636.7,2676.7,2613.3,2660.0,160800.0
2025-03-17,9302,7980.0,8010.0,7960.0,8000.0,0,0,32000.0,255790000.0,1.0,2660.0,2670.0,2653.3,2666.7,96000.0
2025-03-18,9302,7980.0,8090.0,7970.0,8050.0,0,0,44100.0,354316000.0,1.0,2660.0,2696.7,2656.7,2683.3,132300.0
2025-03-19,9302,8090.0,8170.0,8040.0,8130.0,0,0,43000.0,349278000.0,1.0,2696.7,2723.3,2680.0,2710.0,129000.0
2025-03-21,9302,8100.0,8140.0,8040.0,8050.0,0,0,57600.0,465235000.0,1.0,2700.0,2713.3,2680.0,2683.3,172800.0
2025-03-24,9302,8100.0,8140.0,8060.0,8120.0,0,0,26500.0,214855000.0,1.0,2700.0,2713.3,2686.7,2706.7,79500.0
2025-03-25,9302,8250.0,8250.0,8080.0,8170.0,0,0,47400.0,387315000.0,1.0,2750.0,2750.0,2693.3,2723.3,142200.0
2025-03-26,9302,8250.0,8280.0,8120.0,8200.0,0,0,54500.0,445373000.0,1.0,2750.0,2760.0,2706.7,2733.3,163500.0
2025-03-27,9302,8070.0,8240.0,8070.0,8210.0,0,0,56300.0,461037000.0,1.0,2690.0,2746.7,2690.0,2736.7,168900.0
2025-03-28,9302,8150.0,8240.0,8050.0,8150.0,0,0,64000.0,520533000.0,1.0,2716.7,2746.7,2683.3,2716.7,192000.0
2025-03-31,9302,8010.0,8050.0,7870.0,7960.0,0,0,97800.0,779841000.0,1.0,2670.0,2683.3,2623.3,2653.3,293400.0
2025-04-01,9302,8030.0,8060.0,7900.0,7900.0,0,0,85300.0,678254000.0,1.0,2676.7,2686.7,2633.3,2633.3,255900.0
2025-04-02,9302,7930.0,7980.0,7810.0,7890.0,0,0,59800.0,471775000.0,1.0,2643.3,2660.0,2603.3,2630.0,179400.0
2025-04-03,9302,7700.0,7940.0,7700.0,7920.0,0,0,83000.0,650970000.0,1.0,2566.7,2646.7,2566.7,2640.0,249000.0
2025-04-04,9302,7770.0,8010.0,7770.0,8010.0,0,0,121700.0,961998000.0,1.0,2590.0,2670.0,2590.0,2670.0,365100.0
2025-04-07,9302,7860.0,7910.0,7540.0,7770.0,0,0,208500.0,1619766000.0,1.0,2620.0,2636.7,2513.3,2590.0,625500.0
2025-04-08,9302,7920.0,8170.0,7910.0,8150.0,0,0,110300.0,887274000.0,1.0,2640.0,2723.3,2636.7,2716.7,330900.0
2025-04-09,9302,8030.0,8320.0,7930.0,8250.0,0,0,138900.0,1133605000.0,1.0,2676.7,2773.3,2643.3,2750.0,416700.0
2025-04-10,9302,8550.0,8610.0,8240.0,8600.0,0,0,113800.0,963661000.0,1.0,2850.0,2870.0,2746.7,2866.7,341400.0
2025-04-11,9302,8460.0,8570.0,8280.0,8560.0,0,0,85100.0,718342000.0,1.0,2820.0,2856.7,2760.0,2853.3,255300.0
2025-04-14,9302,8590.0,8800.0,8560.0,8720.0,0,0,61000.0,531171000.0,1.0,2863.3,2933.3,2853.3,2906.7,183000.0
2025-04-15,9302,8840.0,8840.0,8660.0,8730.0,0,0,59000.0,516128000.0,1.0,2946.7,2946.7,2886.7,2910.0,177000.0
2025-04-16,9302,8800.0,8950.0,8750.0,8920.0,0,0,92100.0,816500000.0,1.0,2933.3,2983.3,2916.7,2973.3,276300.0
2025-04-17,9302,8880.0,8930.0,8730.0,8790.0,0,0,76900.0,675911000.0,1.0,2960.0,2976.7,2910.0,2930.0,230700.0
2025-04-18,9302,8850.0,9290.0,8840.0,9220.0,0,0,120600.0,1102108000.0,1.0,2950.0,3096.7,2946.7,3073.3,361800.0
2025-04-21,9302,9230.0,9430.0,9190.0,9340.0,0,0,104400.0,974168000.0,1.0,3076.7,3143.3,3063.3,3113.3,313200.0
2025-04-22,9302,9330.0,9390.0,9120.0,9130.0,0,0,132300.0,1222753000.0,1.0,3110.0,3130.0,3040.0,3043.3,396900.0
2025-04-23,9302,9180.0,9240.0,9040.0,9080.0,0,0,135500.0,1235602000.0,1.0,3060.0,3080.0,3013.3,3026.7,406500.0
2025-04-24,9302,9010.0,9030.0,8590.0,8590.0,0,0,172200.0,1510538000.0,1.0,3003.3,3010.0,2863.3,2863.3,516600.0
2025-04-25,9302,8680.0,8730.0,8560.0,8620.0,0,0,108800.0,938588000.0,1.0,2893.3,2910.0,2853.3,2873.3,326400.0
2025-04-28,9302,2853.0,2956.0,2827.0,2914.0,0,0,356000.0,1032540500.0,0.3333333333333333,2853.0,2956.0,2827.0,2914.0,356000.0
2025-04-30,9302,2910.0,2946.0,2840.0,2940.0,0,0,487500.0,1419942100.0,1.0,2910.0,2946.0,2840.0,2940.0,487500.0
2025-05-01,9302,2950.0,2983.0,2914.0,2933.0,0,0,354300.0,1044039000.0,1.0,2950.0,2983.0,2914.0,2933.0,354300.0
2025-05-02,9302,2906.0,2975.0,2892.0,2892.0,0,0,380700.0,1111196000.0,1.0,2906.0,2975.0,2892.0,2892.0,380700.0
2025-05-07,9302,2920.0,3015.0,2904.0,2977.0,0,0,366400.0,1089775200.0,1.0,2920.0,3015.0,2904.0,2977.0,366400.0
2025-05-08,9302,2971.0,2994.0,2912.0,2977.0,0,0,214700.0,636383200.0,1.0,2971.0,2994.0,2912.0,2977.0,214700.0
2025-05-09,9302,3380.0,3470.0,3330.0,3465.0,0,0,1227000.0,4206077500.0,1.0,3380.0,3470.0,3330.0,3465.0,1227000.0
2025-05-12,9302,3455.0,3485.0,3390.0,3450.0,0,0,833600.0,2872982500.0,1.0,3455.0,3485.0,3390.0,3450.0,833600.0
2025-05-13,9302,3495.0,3555.0,3420.0,3425.0,0,0,559400.0,1941918000.0,1.0,3495.0,3555.0,3420.0,3425.0,559400.0
2025-05-14,9302,3425.0,3490.0,3405.0,3425.0,0,0,376600.0,1293754500.0,1.0,3425.0,3490.0,3405.0,3425.0,376600.0
2025-05-15,9302,3435.0,3535.0,3430.0,3525.0,0,0,311300.0,1091251000.0,1.0,3435.0,3535.0,3430.0,3525.0,311300.0
2025-05-16,9302,3505.0,3570.0,3490.0,3535.0,0,0,251400.0,888465500.0,1.0,3505.0,3570.0,3490.0,3535.0,251400.0
2025-05-19,9302,3560.0,3590.0,3535.0,3545.0,0,0,219400.0,779968000.0,1.0,3560.0,3590.0,3535.0,3545.0,219400.0
2025-05-20,9302,3660.0,3715.0,3635.0,3685.0,0,0,678800.0,2498645000.0,1.0,3660.0,3715.0,3635.0,3685.0,678800.0
2025-05-21,9302,3685.0,3700.0,3595.0,3595.0,0,0,422700.0,1532301000.0,1.0,3685.0,3700.0,3595.0,3595.0,422700.0
2025-05-22,9302,3600.0,3625.0,3570.0,3615.0,0,0,251800.0,906461000.0,1.0,3600.0,3625.0,3570.0,3615.0,251800.0
2025-05-23,9302,3615.0,3650.0,3590.0,3615.0,0,0,249300.0,900858000.0,1.0,3615.0,3650.0,3590.0,3615.0,249300.0
2025-05-26,9302,3630.0,3730.0,3620.0,3700.0,0,0,307000.0,1133043500.0,1.0,3630.0,3730.0,3620.0,3700.0,307000.0
2025-05-27,9302,3690.0,3740.0,3680.0,3720.0,0,0,192000.0,712804000.0,1.0,3690.0,3740.0,3680.0,3720.0,192000.0
2025-05-28,9302,3750.0,3755.0,3690.0,3690.0,0,0,258700.0,958379500.0,1.0,3750.0,3755.0,3690.0,3690.0,258700.0
2025-05-29,9302,3700.0,3795.0,3685.0,3755.0,0,0,304700.0,1141381500.0,1.0,3700.0,3795.0,3685.0,3755.0,304700.0
2025-05-30,9302,3765.0,3810.0,3735.0,3810.0,0,0,730800.0,2775088500.0,1.0,3765.0,3810.0,3735.0,3810.0,730800.0
2025-06-02,9302,3765.0,3935.0,3760.0,3930.0,0,0,483800.0,1877364500.0,1.0,3765.0,3935.0,3760.0,3930.0,483800.0
2025-06-03,9302,3955.0,3960.0,3830.0,3935.0,0,0,461600.0,1803624500.0,1.0,3955.0,3960.0,3830.0,3935.0,461600.0
2025-06-04,9302,3900.0,4040.0,3875.0,3990.0,0,0,329000.0,1303877500.0,1.0,3900.0,4040.0,3875.0,3990.0,329000.0
2025-06-05,9302,4020.0,4100.0,4000.0,4025.0,0,0,322600.0,1302708500.0,1.0,4020.0,4100.0,4000.0,4025.0,322600.0
2025-06-06,9302,4045.0,4195.0,4030.0,4110.0,0,0,415900.0,1713433500.0,1.0,4045.0,4195.0,4030.0,4110.0,415900.0
2025-06-09,9302,4115.0,4190.0,4110.0,4135.0,0,0,374200.0,1552881000.0,1.0,4115.0,4190.0,4110.0,4135.0,374200.0
2025-06-10,9302,4085.0,4110.0,3970.0,4000.0,0,0,394400.0,1589418500.0,1.0,4085.0,4110.0,3970.0,4000.0,394400.0
2025-06-11,9302,4000.0,4015.0,3850.0,3870.0,0,0,481700.0,1892972500.0,1.0,4000.0,4015.0,3850.0,3870.0,481700.0
2025-06-12,9302,3885.0,3950.0,3865.0,3910.0,0,0,299000.0,1167619000.0,1.0,3885.0,3950.0,3865.0,3910.0,299000.0
2025-06-13,9302,3920.0,3995.0,3890.0,3950.0,0,0,241600.0,954060000.0,1.0,3920.0,3995.0,3890.0,3950.0,241600.0
2025-06-16,9302,3950.0,4020.0,3915.0,4005.0,0,0,152100.0,604957500.0,1.0,3950.0,4020.0,3915.0,4005.0,152100.0
2025-06-17,9302,3975.0,3985.0,3910.0,3915.0,0,0,164500.0,648479500.0,1.0,3975.0,3985.0,3910.0,3915.0,164500.0
2025-06-18,9302,3880.0,3945.0,3835.0,3895.0,0,0,193300.0,750646000.0,1.0,3880.0,3945.0,3835.0,3895.0,193300.0
2025-06-19,9302,3870.0,3915.0,3850.0,3915.0,0,0,121000.0,470223000.0,1.0,3870.0,3915.0,3850.0,3915.0,121000.0
2025-06-20,9302,3935.0,3965.0,3885.0,3900.0,0,0,470000.0,1836953000.0,1.0,3935.0,3965.0,3885.0,3900.0,470000.0
2025-06-23,9302,3915.0,3930.0,3825.0,3900.0,0,0,134200.0,520874000.0,1.0,3915.0,3930.0,3825.0,3900.0,134200.0
2025-06-24,9302,3940.0,3950.0,3850.0,3895.0,0,0,207300.0,805711000.0,1.0,3940.0,3950.0,3850.0,3895.0,207300.0
2025-06-25,9302,3895.0,3945.0,3830.0,3940.0,0,0,250900.0,979843500.0,1.0,3895.0,3945.0,3830.0,3940.0,250900.0
2025-06-26,9302,3955.0,4015.0,3950.0,3995.0,0,0,265900.0,1060112000.0,1.0,3955.0,4015.0,3950.0,3995.0,265900.0
2025-06-27,9302,4000.0,4030.0,3890.0,3945.0,0,0,276400.0,1091513000.0,1.0,4000.0,4030.0,3890.0,3945.0,276400.0
2025-06-30,9302,3960.0,3975.0,3920.0,3935.0,0,0,186800.0,737144500.0,1.0,3960.0,3975.0,3920.0,3935.0,186800.0
2025-07-01,9302,3935.0,3940.0,3900.0,3930.0,0,0,176700.0,693335500.0,1.0,3935.0,3940.0,3900.0,3930.0,176700.0
2025-07-02,9302,3895.0,3920.0,3850.0,3860.0,0,0,177900.0,689335500.0,1.0,3895.0,3920.0,3850.0,3860.0,177900.0
2025-07-03,9302,3835.0,3850.0,3705.0,3765.0,0,0,526300.0,1976564000.0,1.0,3835.0,3850.0,3705.0,3765.0,526300.0
2025-07-04,9302,3770.0,3800.0,3745.0,3790.0,0,0,194200.0,734783500.0,1.0,3770.0,3800.0,3745.0,3790.0,194200.0
2025-07-07,9302,3800.0,3865.0,3770.0,3835.0,0,0,161000.0,616613500.0,1.0,3800.0,3865.0,3770.0,3835.0,161000.0
2025-07-08,9302,3850.0,3860.0,3815.0,3820.0,0,0,230300.0,881925500.0,1.0,3850.0,3860.0,3815.0,3820.0,230300.0
2025-07-09,9302,3830.0,3890.0,3780.0,3805.0,0,0,274700.0,1048822000.0,1.0,3830.0,3890.0,3780.0,3805.0,274700.0
2025-07-10,9302,3850.0,3885.0,3700.0,3750.0,0,0,369300.0,1395870500.0,1.0,3850.0,3885.0,3700.0,3750.0,369300.0
2025-07-11,9302,3760.0,3855.0,3740.0,3780.0,0,0,248300.0,945065000.0,1.0,3760.0,3855.0,3740.0,3780.0,248300.0
2025-07-14,9302,3790.0,3825.0,3760.0,3820.0,0,0,154500.0,588964500.0,1.0,3790.0,3825.0,3760.0,3820.0,154500.0
2025-07-15,9302,3850.0,3855.0,3780.0,3795.0,0,0,118700.0,450865000.0,1.0,3850.0,3855.0,3780.0,3795.0,118700.0
2025-07-16,9302,3750.0,3860.0,3745.0,3790.0,0,0,255400.0,972350500.0,1.0,3750.0,3860.0,3745.0,3790.0,255400.0
2025-07-17,9302,3750.0,3835.0,3730.0,3815.0,0,0,197300.0,751002000.0,1.0,3750.0,3835.0,3730.0,3815.0,197300.0
2025-07-18,9302,3840.0,3850.0,3800.0,3845.0,0,0,128900.0,494353500.0,1.0,3840.0,3850.0,3800.0,3845.0,128900.0
2025-07-22,9302,3795.0,3820.0,3750.0,3765.0,0,0,140800.0,531787500.0,1.0,3795.0,3820.0,3750.0,3765.0,140800.0
2025-07-23,9302,3770.0,3795.0,3715.0,3745.0,0,0,185000.0,692914000.0,1.0,3770.0,3795.0,3715.0,3745.0,185000.0
2025-07-24,9302,3755.0,3880.0,3740.0,3875.0,0,0,276200.0,1058900500.0,1.0,3755.0,3880.0,3740.0,3875.0,276200.0
2025-07-25,9302,3910.0,3955.0,3895.0,3925.0,0,0,217200.0,853452500.0,1.0,3910.0,3955.0,3895.0,3925.0,217200.0
2025-07-28,9302,3940.0,3965.0,3855.0,3855.0,0,0,222600.0,865460500.0,1.0,3940.0,3965.0,3855.0,3855.0,222600.0
2025-07-29,9302,3825.0,3860.0,3785.0,3840.0,0,0,118400.0,454014500.0,1.0,3825.0,3860.0,3785.0,3840.0,118400.0
2025-07-30,9302,3800.0,3865.0,3795.0,3860.0,0,0,119900.0,461212000.0,1.0,3800.0,3865.0,3795.0,3860.0,119900.0
2025-07-31,9302,3930.0,3955.0,3890.0,3935.0,0,0,255600.0,1002685500.0,1.0,3930.0,3955.0,3890.0,3935.0,255600.0
2025-08-01,9302,3940.0,3950.0,3865.0,3925.0,0,0,258900.0,1011510500.0,1.0,3940.0,3950.0,3865.0,3925.0,258900.0
2025-08-04,9302,3895.0,3950.0,3860.0,3910.0,0,0,293500.0,1147266000.0,1.0,3895.0,3950.0,3860.0,3910.0,293500.0
2025-08-05,9302,4120.0,4160.0,3800.0,3850.0,0,0,777000.0,3060654000.0,1.0,4120.0,4160.0,3800.0,3850.0,777000.0
2025-08-06,9302,3890.0,3955.0,3850.0,3885.0,0,0,316500.0,1233435000.0,1.0,3890.0,3955.0,3850.0,3885.0,316500.0
2025-08-07,9302,3915.0,4155.0,3875.0,4155.0,0,0,642800.0,2617350000.0,1.0,3915.0,4155.0,3875.0,4155.0,642800.0
2025-08-08,9302,4165.0,4195.0,4115.0,4175.0,0,0,317300.0,1322512500.0,1.0,4165.0,4195.0,4115.0,4175.0,317300.0
2025-08-12,9302,4175.0,4255.0,4145.0,4230.0,0,0,291100.0,1225749000.0,1.0,4175.0,4255.0,4145.0,4230.0,291100.0
2025-08-13,9302,4275.0,4280.0,4160.0,4250.0,0,0,246500.0,1046190500.0,1.0,4275.0,4280.0,4160.0,4250.0,246500.0
2025-08-14,9302,4205.0,4295.0,4170.0,4295.0,0,0,262100.0,1116775000.0,1.0,4205.0,4295.0,4170.0,4295.0,262100.0
2025-08-15,9302,4300.0,4335.0,4235.0,4285.0,0,0,253800.0,1088007500.0,1.0,4300.0,4335.0,4235.0,4285.0,253800.0
2025-08-18,9302,4285.0,4300.0,4200.0,4210.0,0,0,198900.0,843129000.0,1.0,4285.0,4300.0,4200.0,4210.0,198900.0
2025-08-19,9302,4320.0,4345.0,4245.0,4330.0,0,0,263000.0,1133297000.0,1.0,4320.0,4345.0,4245.0,4330.0,263000.0
2025-08-20,9302,4305.0,4340.0,4280.0,4300.0,0,0,168700.0,726329000.0,1.0,4305.0,4340.0,4280.0,4300.0,168700.0
2025-08-21,9302,4305.0,4315.0,4240.0,4310.0,0,0,120900.0,518460500.0,1.0,4305.0,4315.0,4240.0,4310.0,120900.0
2025-08-22,9302,4320.0,4325.0,4270.0,4315.0,0,0,110100.0,474443500.0,1.0,4320.0,4325.0,4270.0,4315.0,110100.0
2025-08-25,9302,4280.0,4295.0,4155.0,4155.0,0,0,197800.0,831835500.0,1.0,4280.0,4295.0,4155.0,4155.0,197800.0
2025-08-26,9302,4170.0,4220.0,4135.0,4165.0,0,0,293300.0,1223165000.0,1.0,4170.0,4220.0,4135.0,4165.0,293300.0
2025-08-27,9302,4190.0,4205.0,4140.0,4190.0,0,0,201400.0,840918500.0,1.0,4190.0,4205.0,4140.0,4190.0,201400.0
2025-08-28,9302,4175.0,4210.0,4125.0,4210.0,0,0,168700.0,707492500.0,1.0,4175.0,4210.0,4125.0,4210.0,168700.0
2025-08-29,9302,4185.0,4200.0,4140.0,4185.0,0,0,143300.0,598941000.0,1.0,4185.0,4200.0,4140.0,4185.0,143300.0
2025-09-01,9302,4175.0,4260.0,4155.0,4255.0,0,0,199100.0,842849000.0,1.0,4175.0,4260.0,4155.0,4255.0,199100.0
2025-09-02,9302,4280.0,4280.0,4185.0,4230.0,0,0,165100.0,698732500.0,1.0,4280.0,4280.0,4185.0,4230.0,165100.0
2025-09-03,9302,4235.0,4305.0,4195.0,4225.0,0,0,230300.0,976141500.0,1.0,4235.0,4305.0,4195.0,4225.0,230300.0
2025-09-04,9302,4210.0,4255.0,4185.0,4235.0,0,0,144300.0,608042000.0,1.0,4210.0,4255.0,4185.0,4235.0,144300.0
2025-09-05,9302,4205.0,4235.0,4170.0,4215.0,0,0,139000.0,585305500.0,1.0,4205.0,4235.0,4170.0,4215.0,139000.0
